-- phpMyAdmin SQL Dump
-- version 4.0.10deb1
-- http://www.phpmyadmin.net
--
-- โฮสต์: localhost
-- เวลาในการสร้าง: 26 ส.ค. 2016  11:13น.
-- เวอร์ชั่นของเซิร์ฟเวอร์: 5.5.49-0ubuntu0.14.04.1
-- รุ่นของ PHP: 5.5.9-1ubuntu4.17

SET SQL_MODE = "NO_AUTO_VALUE_ON_ZERO";
SET time_zone = "+00:00";


/*!40101 SET @OLD_CHARACTER_SET_CLIENT=@@CHARACTER_SET_CLIENT */;
/*!40101 SET @OLD_CHARACTER_SET_RESULTS=@@CHARACTER_SET_RESULTS */;
/*!40101 SET @OLD_COLLATION_CONNECTION=@@COLLATION_CONNECTION */;
/*!40101 SET NAMES utf8 */;

--
-- ฐานข้อมูล: `commsci_db`
--

-- --------------------------------------------------------

--
-- โครงสร้างตาราง `person`
--

CREATE TABLE IF NOT EXISTS `person` (
  `user_id` int(11) NOT NULL COMMENT 'User Id',
  `status` int(1) NOT NULL COMMENT 'Status',
  `position_id` int(11) NOT NULL COMMENT 'Position',
  `title_id` int(11) NOT NULL COMMENT 'Title',
  `phd` int(1) NOT NULL DEFAULT '0' COMMENT 'Ph.D',
  `firstname_th` varchar(100) NOT NULL COMMENT 'First name TH',
  `lastname_th` varchar(100) NOT NULL COMMENT 'Last name TH',
  `firstname_en` varchar(100) NOT NULL COMMENT 'First name EN',
  `lastname_en` varchar(100) NOT NULL COMMENT 'Last name EN',
  `created_at` int(11) NOT NULL COMMENT 'Created at',
  `updated_at` int(11) NOT NULL COMMENT 'Updated at',
  `created_by` int(11) NOT NULL COMMENT 'Created by',
  `updated_by` int(11) NOT NULL COMMENT 'Updated by',
  UNIQUE KEY `uid` (`user_id`)
) ENGINE=InnoDB DEFAULT CHARSET=utf8;

--
-- dump ตาราง `person`
--

INSERT INTO `person` (`user_id`, `status`, `position_id`, `title_id`, `phd`, `firstname_th`, `lastname_th`, `firstname_en`, `lastname_en`, `created_at`, `updated_at`, `created_by`, `updated_by`) VALUES
(1, 1, 4, 4, 0, 'พิมพ์ชนก', 'พลวรรณ', 'Pimchanok', 'Pollawan', 1467085255, 1467085255, 5, 5),
(2, 1, 2, 5, 0, 'วนิดา ', 'บุญพร้อม', 'Wanida', 'Boonprom', 1467085255, 1467085255, 5, 5),
(3, 1, 2, 5, 0, 'ยุพดี', 'อุดมพงษ์', 'Yuppadee', 'Udompong', 1467085255, 1467085255, 5, 5),
(4, 1, 2, 3, 0, 'อิทธิเดช', 'รัตนะ', 'Ittidate', 'Rattana', 1467085255, 1467085255, 5, 5),
(5, 1, 3, 3, 0, 'สุรกิจ', 'ชูเดช', 'Surakit', 'Choodet', 1467085255, 1467085255, 5, 5),
(6, 1, 2, 5, 0, 'แก่นจันทร์', 'มูสิกธรรม', 'Kanchan', 'Musickthum', 1467085255, 1467085255, 5, 5),
(7, 1, 2, 3, 0, 'ทวีศักดิ์', 'หมานเม๊าะ', 'Taweesak', 'Hmanmoh', 1467085255, 1467085255, 5, 5),
(8, 1, 2, 4, 0, 'อรทัย', 'จารุวิเศษ', 'Oratai', 'Charuwised', 1467085255, 1467085255, 5, 5),
(9, 1, 5, 3, 0, 'สมาน', 'เจะมะ', 'Saman', 'Chema', 1467085255, 1467085255, 5, 5),
(10, 1, 6, 4, 0, 'นาวิกา', 'เพ็งจันทร์', 'Navika', 'Pengjun', 1467085255, 1467085255, 5, 5),
(11, 1, 2, 3, 0, 'กิตติศักดิ์', 'ประชุมทอง', 'Kittisak', 'Prachumtong', 1467085255, 1467085255, 5, 5),
(12, 1, 2, 4, 0, 'พัชรกัญญ์', 'ยังปากน้ำ', 'Phatcharakan', 'Yangpaknam', 1467085255, 1467085255, 5, 5),
(13, 1, 6, 3, 0, 'ชวนิทธิ์', 'ธนะสุข', 'Chavanit', 'Thanasuk', 1467085255, 1467085255, 5, 5),
(14, 1, 2, 3, 0, 'อุสมาน', 'ตาเละ', 'Ausmarn', 'Taleh', 1467085255, 1467085255, 5, 5),
(15, 1, 9, 5, 0, 'ธิดากาญจน์', 'คงมาก', 'Thidakan', 'Khongmark', 1467085255, 1467085255, 5, 5),
(16, 1, 6, 4, 0, 'สุนิสา', 'หมัดเน', 'Sunisa', 'Matnae', 1467085255, 1467085255, 5, 5),
(17, 1, 6, 4, 0, 'วาสิณี', 'จันทอง', 'Wasinee', 'Chantong', 1467085255, 1467085255, 5, 5),
(18, 0, 2, 4, 0, 'บุปผา', 'ไชยแสง', 'Buppha', 'Chaisang', 1467085255, 1467085255, 5, 5),
(19, 1, 3, 3, 0, 'อับดุลอาซิส', 'ดือราแม', 'Abdul-aziz', 'Deramae', 1467085255, 1467085255, 5, 5),
(20, 1, 8, 3, 0, 'วีระพงศ์', 'เรืองสกุล', 'Veeraphong', 'Raungsakul', 1467085255, 1467085255, 5, 5),
(21, 1, 5, 3, 0, 'รุสมาน', 'ยูโซะ', 'Rusman', 'Yusoh', 1467085255, 1467085255, 5, 5),
(22, 1, 1, 5, 0, 'จารียา', 'อรรถอนุชิต', 'Jareeya', 'Arttanuchit', 1467085255, 1467085255, 5, 5),
(23, 1, 1, 8, 1, 'วลักษณ์กมล', 'จ่างกมล', 'Walakkamol', 'Changkamol', 1467085255, 1467085255, 5, 5),
(24, 1, 1, 8, 1, 'กุสุมา', 'กูใหญ่ ', 'Kusuma', 'Kooyai', 1467085255, 1467085255, 5, 5),
(25, 0, 1, 1, 1, 'นุวรรณ', 'ทับเที่ยง', '', '', 1467085255, 1467085255, 5, 5),
(26, 1, 1, 8, 0, 'สากีเราะ', 'แยนา เบ็ญฮารูน', 'Sakiroh', 'Yaena Benharoon', 1467085255, 1467085255, 5, 5),
(27, 2, 1, 8, 0, 'อรุณีวรรณ', 'บัวเนี่ยว', 'Aruneewan', 'Buaneaw', 1467085255, 1467085255, 5, 5),
(28, 1, 1, 8, 0, 'ภีรกาญจน์', 'ไค่นุ่นนา', 'Phirakan', 'Kai-nunna', 1467085255, 1467085255, 5, 5),
(29, 2, 1, 3, 0, 'สมัชชา', 'นิลปัทม์', 'Samatcha', 'Nilaphatama', 1467085255, 1467085255, 5, 5),
(30, 1, 1, 4, 0, 'สุวนาถ', 'ทองสองยอด', 'Suwanat', 'Tongsongyod', 1467085255, 1467085255, 5, 5),
(31, 2, 1, 4, 0, 'อาทิตยา', 'สมโลก', 'Arthitaya', 'Somlok', 1467085255, 1467085255, 5, 5),
(32, 0, 1, 4, 0, 'บัณฑิกา', 'จารุมา', '', '', 1467085255, 1467085255, 5, 5),
(33, 1, 1, 4, 0, 'อมรรัตน์', 'ชนะการณ์', 'Amornrat', 'Chanakan', 1467085255, 1467085255, 5, 5),
(34, 1, 1, 4, 0, 'กฤษดี', 'พ่วงรอด', 'Kritsadee', 'Phuangrod', 1467085255, 1467085255, 5, 5),
(35, 1, 1, 8, 1, 'ฮัมเดีย', 'มูดอ', 'Hamdia', 'Mudor', 1467085255, 1467085255, 5, 5),
(36, 2, 1, 4, 0, 'ไลลา', 'บุญพิศ', 'Laila', 'Boonpis', 1467085255, 1467085255, 5, 5),
(37, 0, 1, 4, 0, 'คนึงขวัญ', 'นุ่นแก้ว', '', '', 1467085255, 1467085255, 5, 5),
(38, 1, 1, 8, 0, 'อาหมาน', 'หมัดเจริญ', 'Ahmarn', 'Mudcharoen', 1467085255, 1467085255, 5, 5),
(39, 1, 1, 5, 1, 'ศริยา', 'บิลแสละ', 'Sariya', 'Binsaleh', 1467085255, 1467085255, 5, 5),
(40, 1, 1, 3, 1, 'มูอัสซัล', 'บิลแสละ', 'Muazzan', 'Binsaleh', 1467085255, 1467085255, 5, 5),
(41, 1, 1, 3, 0, 'จรุงวิทย์', 'บุญเพิ่ม', 'Jarungwit', 'Boonperm', 1467085255, 1467085255, 5, 5),
(42, 1, 1, 3, 1, 'สัมพันธ์', 'คงมาก', 'Sumpunt', 'Khongmark', 1467085255, 1467085255, 5, 5),
(43, 1, 1, 4, 0, 'ฐิติมา', 'เทพญา', 'Thitima', 'Theppaya', 1467085255, 1467085255, 5, 5),
(44, 1, 1, 3, 1, 'มูฮำหมัดสูใฮมี', 'ยานยา', 'Muhammadsuhaimi', 'Yanya', 1467085255, 1467085255, 5, 5),
(45, 2, 1, 3, 0, 'ชนกิตติ์', 'ธนะสุข', 'Chanakit', 'Thanasuk', 1467085255, 1467085255, 5, 5),
(46, 1, 1, 3, 1, 'กำธร', 'เกิดทิพย์', 'Kamtorn', 'Kerdthip', 1467085255, 1467085255, 5, 5),
(47, 2, 1, 4, 0, 'ศุภราภรณ์', 'ทวนน้อย', 'Suparaporn', 'Tuannoi', 1467085255, 1467085255, 5, 5),
(48, 2, 1, 4, 0, 'ดุษฎี', 'เพ็ชรมงคล', 'Dootsadee', 'Phetmongkon', 1467085255, 1467085255, 5, 5),
(49, 2, 1, 3, 0, 'ภักดี', 'ต่วนศิริ', 'Phakdee', 'Tuansiri', 1467085255, 1467085255, 5, 5),
(50, 1, 1, 8, 0, 'สิทธิกร', 'เทพสุวรรณ', 'Sittikorn', 'Tapsuwan', 1467085255, 1467085255, 5, 5),
(51, 1, 1, 3, 0, 'บัดรูดิง', 'ขาลี', 'Batrudin', 'kalee', 1467085255, 1467085255, 5, 5),
(52, 0, 1, 3, 0, 'อมีน', 'นาคเสวี', '', '', 1467085255, 1467085255, 5, 5),
(53, 1, 1, 3, 0, 'ทองขาว', 'วรกันต์', '', '', 1467085255, 1467085255, 5, 5),
(54, 1, 1, 3, 0, 'ดอฆอ', 'คอยรุดดีน', '', '', 1467085255, 1467085255, 5, 5),
(55, 1, 1, 3, 0, 'มะสาพา', 'อิบรอฮิม', '', '', 1467085255, 1467085255, 5, 5),
(56, 1, 1, 4, 0, 'อุดมทศพรกุล', 'กรสรวง', '', '', 1467085255, 1467085255, 5, 5),
(57, 1, 1, 3, 0, 'สุริยกัณฑ์', 'กรณ์', '', '', 1467085255, 1467085255, 5, 5),
(58, 1, 1, 3, 0, 'แวกะจิ', 'นัสรอน', '', '', 1467085255, 1467085255, 5, 5),
(59, 1, 1, 4, 0, 'โฮง', 'นารีย๊ะ', '', '', 1467085255, 1467085255, 5, 5),
(60, 1, 1, 3, 0, 'โต๊ะแม', 'มารวัน', '', '', 1467085255, 1467085255, 5, 5),
(61, 1, 1, 3, 0, 'มะเซ็ง', 'มูหมัดซูไฮมิง', '', '', 1467085255, 1467085255, 5, 5),
(62, 1, 1, 3, 0, 'เจะดาราโซ', 'สูกอยรี', '', '', 1467085255, 1467085255, 5, 5),
(63, 1, 1, 4, 0, 'ผ่องผิว', 'อฑิตยา', '', '', 1467085255, 1467085255, 5, 5),
(64, 1, 1, 3, 0, 'อำนวย', 'อรรถกรณ์', '', '', 1467085255, 1467085255, 5, 5),
(65, 1, 1, 3, 0, 'มามะ', 'อัซมี', '', '', 1467085255, 1467085255, 5, 5),
(66, 1, 1, 3, 0, 'อาดอละ', 'อัซาฮาร์', '', '', 1467085255, 1467085255, 5, 5),
(67, 1, 1, 3, 0, 'อิสมะแอ', 'อับดุลเลาะ', '', '', 1467085255, 1467085255, 5, 5),
(68, 1, 1, 4, 0, 'ใจดี', 'มารีตา', '', '', 1467085255, 1467085255, 5, 5),
(69, 1, 1, 3, 0, 'นิสนิ', 'กรีติพันธ์', '', '', 1467085255, 1467085255, 5, 5),
(70, 1, 1, 4, 0, 'สุวรรณพรหม', 'ขวัญภิรมย์', '', '', 1467085255, 1467085255, 5, 5),
(71, 1, 1, 3, 0, 'ดาเลง', 'ไคโรยูฮารี', '', '', 1467085255, 1467085255, 5, 5),
(72, 1, 1, 4, 0, 'พุดารอ', 'โซเฟีย', '', '', 1467085255, 1467085255, 5, 5),
(73, 1, 1, 4, 0, 'ตาเละ', 'บาดารียะ', '', '', 1467085255, 1467085255, 5, 5),
(74, 1, 1, 4, 0, 'สีสมาน', 'เมวิกา', '', '', 1467085255, 1467085255, 5, 5),
(75, 1, 1, 4, 0, 'บัวทอง', 'สไบทิพย์', '', '', 1467085255, 1467085255, 5, 5),
(76, 1, 1, 4, 0, 'บุญเลิศ', 'สิริพร', '', '', 1467085255, 1467085255, 5, 5),
(77, 1, 1, 3, 0, 'วงศ์เอื้อภักดีกุล', 'สุวดล', '', '', 1467085255, 1467085255, 5, 5),
(78, 1, 1, 3, 0, 'วงศ์กองแสง', 'อดิศร', '', '', 1467085255, 1467085255, 5, 5),
(79, 1, 1, 3, 0, 'อาแว', 'อามัร', '', '', 1467085255, 1467085255, 5, 5),
(80, 1, 1, 3, 0, 'กีละ', 'อิบรอฮิม', '', '', 1467085255, 1467085255, 5, 5),
(81, 1, 1, 4, 0, 'แจ้งสว่าง', 'ไอริณ', '', '', 1467085255, 1467085255, 5, 5),
(82, 1, 1, 4, 0, 'โสะเบ็ญอาหลี', 'คานซา', '', '', 1467085255, 1467085255, 5, 5),
(83, 1, 1, 3, 0, 'สนิ', 'โซเฟียน', '', '', 1467085255, 1467085255, 5, 5),
(84, 1, 1, 4, 0, 'นิยูง', 'นูลียะ', '', '', 1467085255, 1467085255, 5, 5),
(85, 1, 1, 4, 0, 'หลงลูวา', 'ฟาตีฮะ', '', '', 1467085255, 1467085255, 5, 5),
(86, 1, 1, 3, 0, 'มะดาโอ๊ะ', 'มูฮำหมัดไฟซา', '', '', 1467085255, 1467085255, 5, 5),
(87, 1, 1, 3, 0, 'บุญส่ง', 'พีรพล', '', '', 1467085255, 1467085255, 5, 5),
(88, 1, 1, 3, 0, 'สาและ', 'ไฟซอล', '', '', 1467085255, 1467085255, 5, 5),
(89, 1, 1, 4, 0, 'มัดตอฮา', 'ยลดา', '', '', 1467085255, 1467085255, 5, 5),
(90, 1, 1, 4, 0, 'บุระชัด', 'พรลภัสส์', '', '', 1467085255, 1467085255, 5, 5),
(91, 1, 1, 4, 0, 'กองนิล', 'สรียา', '', '', 1467085255, 1467085255, 5, 5),
(92, 1, 1, 4, 0, 'อินทรฤทธิ์', 'สุภัชชา', '', '', 1467085255, 1467085255, 5, 5),
(93, 1, 1, 4, 0, 'พรหมพานิช', 'อังคริน', '', '', 1467085255, 1467085255, 5, 5),
(94, 1, 1, 3, 0, 'หีมชาตรี', 'อานนท์', '', '', 1467085255, 1467085255, 5, 5),
(95, 1, 1, 4, 0, 'สาและ', 'เอนตีซอร์', '', '', 1467085255, 1467085255, 5, 5),
(96, 1, 1, 4, 0, 'กะลูแป', 'กอรีเยาะ', '', '', 1467085255, 1467085255, 5, 5),
(97, 1, 1, 3, 0, 'รัตนผล', 'จารุกิตติ์', '', '', 1467085255, 1467085255, 5, 5),
(98, 1, 1, 4, 0, 'สองเมือง', 'จิราวรรณ', '', '', 1467085255, 1467085255, 5, 5),
(99, 1, 1, 4, 0, 'หล้าดัม', 'ซันมา', '', '', 1467085255, 1467085255, 5, 5),
(100, 1, 1, 4, 0, 'บินล่าเต๊ะ', 'ซาลีน่า', '', '', 1467085255, 1467085255, 5, 5),
(101, 1, 1, 4, 0, 'สุไลมัน', 'ซีตีกอรีเย๊าะห์', '', '', 1467085255, 1467085255, 5, 5),
(102, 1, 1, 4, 0, 'เจะหลง', 'โซฟียา', '', '', 1467085255, 1467085255, 5, 5),
(103, 1, 1, 4, 0, 'เจ๊ะยอ', 'โซเฟียนา', '', '', 1467085255, 1467085255, 5, 5),
(104, 1, 1, 4, 0, 'ตาหมาด', 'ญารอนะห์', '', '', 1467085255, 1467085255, 5, 5),
(105, 1, 1, 4, 0, 'ชำนาญเหนาะ', 'ณัฎฐิกา', '', '', 1467085255, 1467085255, 5, 5),
(106, 1, 1, 4, 0, 'เบ็ญนา', 'ณัฐญาวีรย์', '', '', 1467085255, 1467085255, 5, 5),
(107, 1, 1, 4, 0, 'จิ้วซ้าย', 'ธัญญา', '', '', 1467085255, 1467085255, 5, 5),
(108, 1, 1, 3, 0, 'เต็งหลี', 'ธีรภัทร', '', '', 1467085255, 1467085255, 5, 5),
(109, 1, 1, 4, 0, 'เพชรศิริ', 'นนชนัน', '', '', 1467085255, 1467085255, 5, 5),
(110, 1, 1, 3, 0, 'อูมาร์', 'นัศรี', '', '', 1467085255, 1467085255, 5, 5),
(111, 1, 1, 4, 0, 'นิลี', 'นาดียา', '', '', 1467085255, 1467085255, 5, 5),
(112, 1, 1, 4, 0, 'นวลเจริญ', 'นิชาภา', '', '', 1467085255, 1467085255, 5, 5),
(113, 1, 1, 3, 0, 'เจ๊ะเลาะ', 'นิยามิน', '', '', 1467085255, 1467085255, 5, 5),
(114, 1, 1, 4, 0, 'คงฉาง', 'นุชรี', '', '', 1467085255, 1467085255, 5, 5),
(115, 1, 1, 4, 0, 'สันติประยูร', 'นูรอัยนีย์', '', '', 1467085255, 1467085255, 5, 5),
(116, 1, 1, 4, 0, 'เจะโวะ', 'นูรูลฮูดา', '', '', 1467085255, 1467085255, 5, 5),
(117, 1, 1, 4, 0, 'ยุบลเมธารักษ์', 'ปุณยนุช', '', '', 1467085255, 1467085255, 5, 5),
(118, 1, 1, 3, 0, 'แซ่คิว', 'พงศธร', '', '', 1467085255, 1467085255, 5, 5),
(119, 1, 1, 4, 0, 'ปูเต๊ะ', 'ฟัทมะห์', '', '', 1467085255, 1467085255, 5, 5),
(120, 1, 1, 4, 0, 'กูลระวัง', 'ฟาริดา', '', '', 1467085255, 1467085255, 5, 5),
(121, 1, 1, 4, 0, 'หะยียะพา', 'ฟีรดาวน์', '', '', 1467085255, 1467085255, 5, 5),
(122, 1, 1, 4, 0, 'จิตสุวรรณ', 'ภัทรานิษฐ์', '', '', 1467085255, 1467085255, 5, 5),
(123, 1, 1, 3, 0, 'พุทธสุข', 'ภาณุมาศ', '', '', 1467085255, 1467085255, 5, 5),
(124, 1, 1, 3, 0, 'หมัดหมัน', 'มูฮัมหมัดฟิกกรี', '', '', 1467085255, 1467085255, 5, 5),
(125, 1, 1, 4, 0, 'สาและ', 'ยามีล๊ะ', '', '', 1467085255, 1467085255, 5, 5),
(126, 1, 1, 4, 0, 'เจ๊ะมะ', 'รอฮานะห์', '', '', 1467085255, 1467085255, 5, 5),
(127, 1, 1, 4, 0, 'ราเย็น', 'รัตนา', '', '', 1467085255, 1467085255, 5, 5),
(128, 1, 1, 4, 0, 'ซินา', 'ไลลา', '', '', 1467085255, 1467085255, 5, 5),
(129, 1, 1, 3, 0, 'สมานุรัตน์', 'วันซาห์เร็ม', '', '', 1467085255, 1467085255, 5, 5),
(130, 1, 1, 4, 0, 'และซัน', 'วิมลรัตน์', '', '', 1467085255, 1467085255, 5, 5),
(131, 1, 1, 3, 0, 'แวหะยี', 'แวอุเซ็ง', '', '', 1467085255, 1467085255, 5, 5),
(132, 1, 1, 4, 0, 'ยีบิลละ', 'สริตา', '', '', 1467085255, 1467085255, 5, 5),
(133, 1, 1, 3, 0, 'ยะปา', 'สะแปอิง', '', '', 1467085255, 1467085255, 5, 5),
(134, 1, 1, 4, 0, 'มะหมัด', 'สาณิยา', '', '', 1467085255, 1467085255, 5, 5),
(135, 1, 1, 3, 0, 'หิมรัตน์', 'สิทธิชัย', '', '', 1467085255, 1467085255, 5, 5),
(136, 1, 1, 3, 0, 'ยูโซะ', 'สุกิจ', '', '', 1467085255, 1467085255, 5, 5),
(137, 1, 1, 3, 0, 'อาดัม', 'สุธี', '', '', 1467085255, 1467085255, 5, 5),
(138, 1, 1, 3, 0, 'เรืองเพ็ง', 'สุรธีร์', '', '', 1467085255, 1467085255, 5, 5),
(139, 1, 1, 4, 0, 'ทิพย์หมัด', 'สุไรยา', '', '', 1467085255, 1467085255, 5, 5),
(140, 1, 1, 3, 0, 'มาโนช', 'อรรถวุฒิ', '', '', 1467085255, 1467085255, 5, 5),
(141, 1, 1, 3, 0, 'มะหมัด', 'อัฟบาส', '', '', 1467085255, 1467085255, 5, 5),
(142, 1, 1, 4, 0, 'แกคง', 'อัสมะ', '', '', 1467085255, 1467085255, 5, 5),
(143, 1, 1, 4, 0, 'ดอเลาะ', 'อัสมะ', '', '', 1467085255, 1467085255, 5, 5),
(144, 1, 1, 3, 0, 'รอสะ', 'อาดีล', '', '', 1467085255, 1467085255, 5, 5),
(145, 1, 1, 4, 0, 'บินมามุ', 'อาตีกะ', '', '', 1467085255, 1467085255, 5, 5),
(146, 1, 1, 3, 0, 'ดอรอแม', 'อาบูซุฟยาน', '', '', 1467085255, 1467085255, 5, 5),
(147, 1, 1, 3, 0, 'กาซอ', 'อามัร', '', '', 1467085255, 1467085255, 5, 5),
(148, 1, 1, 3, 0, 'แตนิมะ', 'อามีน', '', '', 1467085255, 1467085255, 5, 5),
(149, 1, 1, 4, 0, 'หวันชิต3', 'อามีนา', '', '', 1467085255, 1467085255, 5, 5),
(150, 1, 1, 4, 0, 'อุเซ็ง', 'อามีเนาะ', '', '', 1467085255, 1467085255, 5, 5),
(151, 1, 1, 4, 0, 'อิสมาแอล', 'อารดา', '', '', 1467085255, 1467085255, 5, 5),
(152, 1, 1, 4, 0, 'จะผ่องศรี', 'อิงฑุมา', '', '', 1467085255, 1467085255, 5, 5),
(153, 1, 1, 4, 0, 'เจะอุบง', 'อิบตีซาม', '', '', 1467085255, 1467085255, 5, 5),
(154, 1, 1, 3, 0, 'บินบูละ', 'ฮากิม', '', '', 1467085255, 1467085255, 5, 5),
(155, 1, 1, 4, 0, 'เจะอีแต', 'ฮุซนา', '', '', 1467085255, 1467085255, 5, 5),
(156, 1, 1, 4, 0, 'สือแม', 'โซเฟีย', '', '', 1467085255, 1467085255, 5, 5),
(157, 1, 1, 4, 0, 'สือแม', 'ตอยยีบะห์', '', '', 1467085255, 1467085255, 5, 5),
(158, 1, 1, 3, 0, 'หะยีอาแวสะมะแอ', 'อุสมาน', '', '', 1467085255, 1467085255, 5, 5),
(159, 1, 1, 4, 0, 'อาแว', 'ฮาซียะห์', '', '', 1467085255, 1467085255, 5, 5),
(160, 1, 1, 3, 0, 'โนจันทึก', 'ฉัตรบดินทร์', '', '', 1467085255, 1467085255, 5, 5),
(161, 1, 1, 4, 0, 'มะดิง', 'ซีตีคอลีเยาะ', '', '', 1467085255, 1467085255, 5, 5),
(162, 1, 1, 4, 0, 'สาและ', 'ซูณีตา', '', '', 1467085255, 1467085255, 5, 5),
(163, 1, 1, 4, 0, 'ตาเละ', 'ซูไรณี', '', '', 1467085255, 1467085255, 5, 5),
(164, 1, 1, 3, 0, 'มาลี', 'ไซฟูลอัดลีย์', '', '', 1467085255, 1467085255, 5, 5),
(165, 1, 1, 3, 0, 'แสงธรรมนาถ', 'ณรงวิทย์', '', '', 1467085255, 1467085255, 5, 5),
(166, 1, 1, 4, 0, 'จามะ', 'นาซีเราะห์', '', '', 1467085255, 1467085255, 5, 5),
(167, 1, 1, 4, 0, 'สาหม๊ะ', 'นาดียะห์', '', '', 1467085255, 1467085255, 5, 5),
(168, 1, 1, 4, 0, 'กีไร', 'นูรมา', '', '', 1467085255, 1467085255, 5, 5),
(169, 1, 1, 4, 0, 'ลาเตะ', 'นูรีซ๊ะ', '', '', 1467085255, 1467085255, 5, 5),
(170, 1, 1, 4, 0, 'สะมะแอ', 'ปาซียะ', '', '', 1467085255, 1467085255, 5, 5),
(171, 1, 1, 4, 0, 'ทองแดง', 'พัชรียา', '', '', 1467085255, 1467085255, 5, 5),
(172, 1, 1, 4, 0, 'มูซอ', 'ฟาซียะ', '', '', 1467085255, 1467085255, 5, 5),
(173, 1, 1, 4, 0, 'กามาอุเซ้ง', 'ฟาดีละห์', '', '', 1467085255, 1467085255, 5, 5),
(174, 1, 1, 4, 0, 'สาเมาะ', 'ฟาตีเมาะห์', '', '', 1467085255, 1467085255, 5, 5),
(175, 1, 1, 4, 0, 'ลีดน', 'มูณีเราะห์', '', '', 1467085255, 1467085255, 5, 5),
(176, 1, 1, 4, 0, 'อาแว', 'มุรณี', '', '', 1467085255, 1467085255, 5, 5),
(177, 1, 1, 3, 0, 'แวฮามะ', 'มูฮัมหมัด', '', '', 1467085255, 1467085255, 5, 5),
(178, 1, 1, 3, 0, 'มะดากะกุล', 'มูฮัมหมัดวาฟี', '', '', 1467085255, 1467085255, 5, 5),
(179, 1, 1, 4, 0, 'สะนิ', 'รอกีเย๊าะ', '', '', 1467085255, 1467085255, 5, 5),
(180, 1, 1, 4, 0, 'ปูซู', 'รอซีด๊ะ', '', '', 1467085255, 1467085255, 5, 5),
(181, 1, 1, 4, 0, 'นิบิโละ', 'รอยีลาห์', '', '', 1467085255, 1467085255, 5, 5),
(182, 1, 1, 4, 0, 'ช่วยแก้ว', 'รัชนก', '', '', 1467085255, 1467085255, 5, 5),
(183, 1, 1, 4, 0, 'เจ๊ะอุบง', 'ลาตีปะห์', '', '', 1467085255, 1467085255, 5, 5),
(184, 1, 1, 4, 0, 'เจ๊ะอามิ', 'วันนิสา', '', '', 1467085255, 1467085255, 5, 5),
(185, 1, 1, 4, 0, 'มะ', 'วิษณีย์', '', '', 1467085255, 1467085255, 5, 5),
(186, 1, 1, 4, 0, 'ขวัญเจริญ', 'วุสนา', '', '', 1467085255, 1467085255, 5, 5),
(187, 1, 1, 4, 0, 'กานต์ฎีกานนท์', 'สะปันนา', '', '', 1467085255, 1467085255, 5, 5),
(188, 1, 1, 4, 0, 'เกื้อเดช', 'สุกัญญา', '', '', 1467085255, 1467085255, 5, 5),
(189, 1, 1, 4, 0, 'หัสนีย์', 'สุชาดา', '', '', 1467085255, 1467085255, 5, 5),
(190, 1, 1, 4, 0, 'จอมเพ็ชร์', 'สุรัสวดี', '', '', 1467085255, 1467085255, 5, 5),
(191, 1, 1, 4, 0, 'แวนิ', 'สุไรดา', '', '', 1467085255, 1467085255, 5, 5),
(192, 1, 1, 4, 0, 'แวดือราโอะ', 'สุลยานี', '', '', 1467085255, 1467085255, 5, 5),
(193, 1, 1, 3, 0, 'มะยีแต', 'สุไลมาน', '', '', 1467085255, 1467085255, 5, 5),
(194, 1, 1, 3, 0, 'ซำเซ', 'อัจรัณย์', '', '', 1467085255, 1467085255, 5, 5),
(195, 1, 1, 3, 0, 'ร่าหนิ', 'อับดนเลาะ', '', '', 1467085255, 1467085255, 5, 5),
(196, 1, 1, 3, 0, 'โว๊ะ', 'อัสรู', '', '', 1467085255, 1467085255, 5, 5),
(197, 1, 1, 4, 0, 'หะยีสะมะแอ', 'อาดีละฮ์', '', '', 1467085255, 1467085255, 5, 5),
(198, 1, 1, 3, 0, 'หะยียูโซ๊ะ', 'อานิส', '', '', 1467085255, 1467085255, 5, 5),
(199, 1, 1, 4, 0, 'สะหีม', 'อารยา', '', '', 1467085255, 1467085255, 5, 5),
(200, 1, 1, 3, 0, 'หะมิดง', 'อารีฟีน', '', '', 1467085255, 1467085255, 5, 5),
(201, 1, 1, 3, 0, 'หลีแอ', 'อำนาจ', '', '', 1467085255, 1467085255, 5, 5),
(202, 1, 1, 3, 0, 'กันติชล', 'ฮาซัน', '', '', 1467085255, 1467085255, 5, 5),
(203, 1, 1, 4, 0, 'ตาเย๊ะ', 'มูรณีย์', '', '', 1467085255, 1467085255, 5, 5),
(204, 1, 1, 4, 0, 'อีซอ', 'โรเบีย', '', '', 1467085255, 1467085255, 5, 5),
(205, 1, 1, 4, 0, 'ยีจิ', 'สุวิมล', '', '', 1467085255, 1467085255, 5, 5),
(206, 1, 1, 4, 0, 'เจ๊ะอูมา', 'อนิษา', '', '', 1467085255, 1467085255, 5, 5),
(207, 1, 1, 4, 0, 'นาแวบือเจาะ', 'อัยนา', '', '', 1467085255, 1467085255, 5, 5),
(208, 1, 1, 4, 0, 'มะมิงเลาะ', 'อามีเนาะ', '', '', 1467085255, 1467085255, 5, 5),
(209, 1, 1, 3, 0, 'คุณโลก', 'กิตติคุณ', '', '', 1467085255, 1467085255, 5, 5),
(210, 1, 1, 4, 0, 'ชุตินธร', 'กชวรรณ', '', '', 1467085255, 1467085255, 5, 5),
(211, 1, 1, 4, 0, 'พลอยสว่าง', 'กรรณิการ์', '', '', 1467085255, 1467085255, 5, 5),
(212, 1, 1, 4, 0, 'สาและ', 'กัตตีณา', '', '', 1467085255, 1467085255, 5, 5),
(213, 1, 1, 4, 0, 'ปูเตะ', 'กัสมา', '', '', 1467085255, 1467085255, 5, 5),
(214, 1, 1, 4, 0, 'เจ๊ะอุบง', 'คอลีเยาะห์', '', '', 1467085255, 1467085255, 5, 5),
(215, 1, 1, 3, 0, 'นุ้ยประสิทธิ์', 'จิรวัฒน์', '', '', 1467085255, 1467085255, 5, 5),
(216, 1, 1, 3, 0, 'หนิมา', 'เฉลิมพงษ์', '', '', 1467085255, 1467085255, 5, 5),
(217, 1, 1, 4, 0, 'หะยีโด๊ะ', 'ซอฟียะห์', '', '', 1467085255, 1467085255, 5, 5),
(218, 1, 1, 4, 0, 'แลโซะ', 'ซากีนะ', '', '', 1467085255, 1467085255, 5, 5),
(219, 1, 1, 4, 0, 'แวสะแม', 'ซามีเราะห์', '', '', 1467085255, 1467085255, 5, 5),
(220, 1, 1, 3, 0, 'ดือราเเมหะยี', 'ซุลกิฟลี', '', '', 1467085255, 1467085255, 5, 5),
(221, 1, 1, 4, 0, 'อาลี', 'ซุลฟาร์', '', '', 1467085255, 1467085255, 5, 5),
(222, 1, 1, 4, 0, 'หมานเต๊ะ', 'ทิวา', '', '', 1467085255, 1467085255, 5, 5),
(223, 1, 1, 4, 0, 'ปากบารา', 'นรินทร์', '', '', 1467085255, 1467085255, 5, 5),
(224, 1, 1, 4, 0, 'ดาแม', 'นาซูฮา', '', '', 1467085255, 1467085255, 5, 5),
(225, 1, 1, 4, 0, 'แวเด็ง', 'นูรีนา', '', '', 1467085255, 1467085255, 5, 5),
(226, 1, 1, 4, 0, 'ดอเลาะ', 'โนร์อาซือมะ', '', '', 1467085255, 1467085255, 5, 5),
(227, 1, 1, 3, 0, 'มะเก็ง', 'บุคคอรีย์', '', '', 1467085255, 1467085255, 5, 5),
(228, 1, 1, 3, 0, 'โต๊ะเดร์', 'บูรฮัน', '', '', 1467085255, 1467085255, 5, 5),
(229, 1, 1, 4, 0, 'สากิกา', 'ปัทมา', '', '', 1467085255, 1467085255, 5, 5),
(230, 1, 1, 4, 0, 'ดอเลาะ', 'ปารีดะ', '', '', 1467085255, 1467085255, 5, 5),
(231, 1, 1, 4, 0, 'ยาแดง', 'ฝ้ายลิกา', '', '', 1467085255, 1467085255, 5, 5),
(232, 1, 1, 4, 0, 'หุ่นวัน', 'พงษ์นภา', '', '', 1467085255, 1467085255, 5, 5),
(233, 1, 1, 4, 0, 'ราชภักดี', 'ยุวัยนี', '', '', 1467085255, 1467085255, 5, 5),
(234, 1, 1, 4, 0, 'ปาเเดปูเตะ', 'รอฮานี', '', '', 1467085255, 1467085255, 5, 5),
(235, 1, 1, 4, 0, 'ดอเลาะ', 'รุสนานี', '', '', 1467085255, 1467085255, 5, 5),
(236, 1, 1, 4, 0, 'สมาแอ', 'รุสนี', '', '', 1467085255, 1467085255, 5, 5),
(237, 1, 1, 4, 0, 'หัดหมิ', 'โรชินี', '', '', 1467085255, 1467085255, 5, 5),
(238, 1, 1, 4, 0, 'โสดาหวัง', 'ไลลา', '', '', 1467085255, 1467085255, 5, 5),
(239, 1, 1, 3, 0, 'อาแว', 'วรศิลป์', '', '', 1467085255, 1467085255, 5, 5),
(240, 1, 1, 4, 0, 'โบบทอง', 'วราภรณ์', '', '', 1467085255, 1467085255, 5, 5),
(241, 1, 1, 4, 0, 'เอื้องาน', 'วิริญญา', '', '', 1467085255, 1467085255, 5, 5),
(242, 1, 1, 4, 0, 'นิเงาะ', 'วีเรีย', '', '', 1467085255, 1467085255, 5, 5),
(243, 1, 1, 4, 0, 'กองสวัสดิ์', 'สุนิสา', '', '', 1467085255, 1467085255, 5, 5),
(244, 1, 1, 4, 0, 'วาเด็ง', 'สุพัตรา', '', '', 1467085255, 1467085255, 5, 5),
(245, 1, 1, 4, 0, 'ฝาแล๊ะ', 'อภิณญา', '', '', 1467085255, 1467085255, 5, 5),
(246, 1, 1, 3, 0, 'พุชชงค์', 'อภิวัฒน์', '', '', 1467085255, 1467085255, 5, 5),
(247, 1, 1, 3, 0, 'เจะอูมา', 'อลิฟ', '', '', 1467085255, 1467085255, 5, 5),
(248, 1, 1, 3, 0, 'ดือราแมง', 'อับดุลฮากัม', '', '', 1467085255, 1467085255, 5, 5),
(249, 1, 1, 4, 0, 'ดามาลอ', 'อาซีม๊ะ', '', '', 1467085255, 1467085255, 5, 5),
(250, 1, 1, 4, 0, 'นิมอ', 'อานีซะห์', '', '', 1467085255, 1467085255, 5, 5),
(251, 1, 1, 3, 0, 'ดาโอะ', 'อาลิฟ', '', '', 1467085255, 1467085255, 5, 5),
(252, 1, 1, 4, 0, 'เจ๊ะหลง', 'อิรวานี', '', '', 1467085255, 1467085255, 5, 5),
(253, 1, 1, 3, 0, 'มาลากะ', 'อิสมะแอล', '', '', 1467085255, 1467085255, 5, 5),
(254, 1, 1, 4, 0, 'สาและ', 'ฮัซนีดา', '', '', 1467085255, 1467085255, 5, 5),
(255, 1, 1, 4, 0, 'มะยิ', 'ฮานีซะห์', '', '', 1467085255, 1467085255, 5, 5),
(256, 1, 1, 3, 0, 'ตาเล๊ะ', 'ฮาฟิซ', '', '', 1467085255, 1467085255, 5, 5),
(257, 1, 1, 4, 0, 'ลีเมาะ', 'ฮายาตี', '', '', 1467085255, 1467085255, 5, 5),
(258, 1, 1, 4, 0, 'แอสะ', 'ฮายาตี', '', '', 1467085255, 1467085255, 5, 5),
(259, 1, 1, 4, 0, 'แมะตีเมาะ', 'ฮูดา', '', '', 1467085255, 1467085255, 5, 5),
(260, 1, 1, 3, 0, 'YE', 'HAILIANG', '', '', 1467085255, 1467085255, 5, 5),
(261, 1, 1, 4, 0, 'SHI', 'RUOYU', '', '', 1467085255, 1467085255, 5, 5),
(262, 1, 1, 3, 0, 'WANG', 'SHENGYONG', '', '', 1467085255, 1467085255, 5, 5),
(263, 1, 1, 3, 0, 'TIAN', 'SIYUAN', '', '', 1467085255, 1467085255, 5, 5),
(264, 1, 1, 3, 0, 'SU', 'XINHE', '', '', 1467085255, 1467085255, 5, 5),
(265, 1, 1, 4, 0, 'TIAN', 'YUAN', '', '', 1467085255, 1467085255, 5, 5),
(266, 1, 1, 4, 0, 'จิรนนท์วงศ์', 'กมลวรรณ', '', '', 1467085255, 1467085255, 5, 5),
(267, 1, 1, 4, 0, 'ยีมาหมะ', 'กัสมีนิง', '', '', 1467085255, 1467085255, 5, 5),
(268, 1, 1, 4, 0, 'บูโด', 'กูฮัยฟัต', '', '', 1467085255, 1467085255, 5, 5),
(269, 1, 1, 3, 0, 'เจะเดร์', 'ชัยฟูลอัสมี', '', '', 1467085255, 1467085255, 5, 5),
(270, 1, 1, 3, 0, 'โตะ', 'ซะอุเดียร์', '', '', 1467085255, 1467085255, 5, 5),
(271, 1, 1, 3, 0, 'กาเจ', 'ซัมสุดิง', '', '', 1467085255, 1467085255, 5, 5),
(272, 1, 1, 4, 0, 'เจะโซะ', 'ซัลวา', '', '', 1467085255, 1467085255, 5, 5),
(273, 1, 1, 4, 0, 'แวอาลี', 'ซาญาณี', '', '', 1467085255, 1467085255, 5, 5),
(274, 1, 1, 3, 0, 'เจะบาการ์', 'ซุลคิฟลี', '', '', 1467085255, 1467085255, 5, 5),
(275, 1, 1, 4, 0, 'อีปง', 'ซูบีรา', '', '', 1467085255, 1467085255, 5, 5),
(276, 1, 1, 4, 0, 'โตะกายอมาตี', 'ซูมัยยะห์', '', '', 1467085255, 1467085255, 5, 5),
(277, 1, 1, 4, 0, 'รอหม๊ะ', 'ซูมัยยะห์', '', '', 1467085255, 1467085255, 5, 5),
(278, 1, 1, 4, 0, 'นาแว', 'ซูแอดะห์', '', '', 1467085255, 1467085255, 5, 5),
(279, 1, 1, 4, 0, 'สร้างเมือง', 'ฐิตาภา', '', '', 1467085255, 1467085255, 5, 5),
(280, 1, 1, 4, 0, 'รายอเงาะ', 'ต่วนสาปีหนะ', '', '', 1467085255, 1467085255, 5, 5),
(281, 1, 1, 4, 0, 'เลาะดีสม', 'ตอยีบ๊ะ', '', '', 1467085255, 1467085255, 5, 5),
(282, 1, 1, 4, 0, 'อาลี', 'ตอยีบะห์', '', '', 1467085255, 1467085255, 5, 5),
(283, 1, 1, 3, 0, 'อีแยบาซอ', 'ตูแวอัสวัน', '', '', 1467085255, 1467085255, 5, 5),
(284, 1, 1, 4, 0, 'แซเยะ', 'ทัศนีม', '', '', 1467085255, 1467085255, 5, 5),
(285, 1, 1, 3, 0, 'ดวงจิโน', 'ธีรัช', '', '', 1467085255, 1467085255, 5, 5),
(286, 1, 1, 4, 0, 'กรศุภวัฒนา', 'นลินทิพย์', '', '', 1467085255, 1467085255, 5, 5),
(287, 1, 1, 4, 0, 'ีฮะห์', '3', 'หะยีอาแว', '', 1467085255, 1467085255, 5, 5),
(288, 1, 1, 4, 0, 'ซายอ', 'นารีมาลย์', '', '', 1467085255, 1467085255, 5, 5),
(289, 1, 1, 4, 0, 'วาเจ๊ะ', 'นารียานา', '', '', 1467085255, 1467085255, 5, 5),
(290, 1, 1, 3, 0, 'วาจิ', 'นิไซรุณ', '', '', 1467085255, 1467085255, 5, 5),
(291, 1, 1, 4, 0, 'สะอุ', 'นุรฮายาตี', '', '', 1467085255, 1467085255, 5, 5),
(292, 1, 1, 4, 0, 'มามุ', 'นูรีดา', '', '', 1467085255, 1467085255, 5, 5),
(293, 1, 1, 4, 0, 'มะลี', 'นูรีฮัน', '', '', 1467085255, 1467085255, 5, 5),
(294, 1, 1, 3, 0, 'หวันวัง', 'นูอิม', '', '', 1467085255, 1467085255, 5, 5),
(295, 1, 1, 4, 0, 'ยีเตะ', 'ฟาดีละห์', '', '', 1467085255, 1467085255, 5, 5),
(296, 1, 1, 4, 0, 'มะแซ', 'ฟาตีฮะห์', '', '', 1467085255, 1467085255, 5, 5),
(297, 1, 1, 4, 0, 'หมาดหลี', 'ไฟย์ซ่า', '', '', 1467085255, 1467085255, 5, 5),
(298, 1, 1, 4, 0, 'ยูนุ', 'มัสกะห์', '', '', 1467085255, 1467085255, 5, 5),
(299, 1, 1, 4, 0, 'วะจิดี', 'มัสหยา', '', '', 1467085255, 1467085255, 5, 5),
(300, 1, 1, 4, 0, 'ศรีรักษา', 'มิ่งขวัญ', '', '', 1467085255, 1467085255, 5, 5),
(301, 1, 1, 4, 0, 'มะสาสะ', 'มุมีนะห์', '', '', 1467085255, 1467085255, 5, 5),
(302, 1, 1, 3, 0, 'อาแว', 'มุฮัมมัด', '', '', 1467085255, 1467085255, 5, 5),
(303, 1, 1, 3, 0, 'อิแต', 'มูซัมมิน', '', '', 1467085255, 1467085255, 5, 5),
(304, 1, 1, 4, 0, 'สาและมิน', 'มูรนีย์', '', '', 1467085255, 1467085255, 5, 5),
(305, 1, 1, 3, 0, 'ยีซา', 'มูฮำหมัด', '', '', 1467085255, 1467085255, 5, 5),
(306, 1, 1, 3, 0, 'เจ๊ะเลาะ', 'มูฮำหมัดฟาอิซ', '', '', 1467085255, 1467085255, 5, 5),
(307, 1, 1, 4, 0, 'รายาคาน', 'ยันนะห์', '', '', 1467085255, 1467085255, 5, 5),
(308, 1, 1, 3, 0, 'บิลหมุด', 'ยาฝาด', '', '', 1467085255, 1467085255, 5, 5),
(309, 1, 1, 4, 0, 'ยีเจะและ', 'ยามีละ', '', '', 1467085255, 1467085255, 5, 5),
(310, 1, 1, 4, 0, 'รับไทรทอง', 'รอฮาน่า', '', '', 1467085255, 1467085255, 5, 5),
(311, 1, 1, 3, 0, 'ยูโซะ', 'รุสดี', '', '', 1467085255, 1467085255, 5, 5),
(312, 1, 1, 4, 0, 'เบ็ญสลามัน', 'วณิตา', '', '', 1467085255, 1467085255, 5, 5),
(313, 1, 1, 4, 0, 'มะซือนิ', 'วรรณรอฮานา', '', '', 1467085255, 1467085255, 5, 5),
(314, 1, 1, 4, 0, 'มณีรัตน์', 'วารุณี', '', '', 1467085255, 1467085255, 5, 5),
(315, 1, 1, 4, 0, 'เพียรจิตร', 'เวณิกา', '', '', 1467085255, 1467085255, 5, 5),
(316, 1, 1, 4, 0, 'กูนิง', 'แวซอฟีย๊ะ', '', '', 1467085255, 1467085255, 5, 5),
(317, 1, 1, 4, 0, 'ซาวี', 'แวฮายาตี', '', '', 1467085255, 1467085255, 5, 5),
(318, 1, 1, 4, 0, 'วาเด็ง', 'สัลมา', '', '', 1467085255, 1467085255, 5, 5),
(319, 1, 1, 4, 0, 'สาและ', 'สารีนา', '', '', 1467085255, 1467085255, 5, 5),
(320, 1, 1, 4, 0, 'ทองเครือ', 'สุกมีนา', '', '', 1467085255, 1467085255, 5, 5),
(321, 1, 1, 4, 0, 'โสมดำ', 'สุนิดา', '', '', 1467085255, 1467085255, 5, 5),
(322, 1, 1, 4, 0, 'บือฮะ', 'สุไลดา', '', '', 1467085255, 1467085255, 5, 5),
(323, 1, 1, 4, 0, 'ยะเมา', 'หนึ่งฤทัย', '', '', 1467085255, 1467085255, 5, 5),
(324, 1, 1, 3, 0, 'สาและ', 'อรรถพล', '', '', 1467085255, 1467085255, 5, 5),
(325, 1, 1, 3, 0, 'เจะสือแม', 'อับดุลฮากิม', '', '', 1467085255, 1467085255, 5, 5),
(326, 1, 1, 3, 0, 'อาแซ', 'อับดุลฮาฟิส', '', '', 1467085255, 1467085255, 5, 5),
(327, 1, 1, 3, 0, 'สะมะแอ', 'อานัซ', '', '', 1467085255, 1467085255, 5, 5),
(328, 1, 1, 3, 0, 'มะ', 'อานัส', '', '', 1467085255, 1467085255, 5, 5),
(329, 1, 1, 3, 0, 'สาเม๊าะ', 'อาฟานดี', '', '', 1467085255, 1467085255, 5, 5),
(330, 1, 1, 3, 0, 'สะอีดี', 'อาฟีฟ', '', '', 1467085255, 1467085255, 5, 5),
(331, 1, 1, 4, 0, 'กาซอ', 'อามีนะห์', '', '', 1467085255, 1467085255, 5, 5),
(332, 1, 1, 4, 0, 'เลาะบือซา', 'อามีเนาะห์', '', '', 1467085255, 1467085255, 5, 5),
(333, 1, 1, 3, 0, 'สารีบาแต', 'อารอฟัต', '', '', 1467085255, 1467085255, 5, 5),
(334, 1, 1, 3, 0, 'เจ๊ะมิง', 'อาราพัด', '', '', 1467085255, 1467085255, 5, 5),
(335, 1, 1, 4, 0, 'เจะเซ็ง', 'อารีนา', '', '', 1467085255, 1467085255, 5, 5),
(336, 1, 1, 4, 0, 'แดเมาะ', 'อารียา', '', '', 1467085255, 1467085255, 5, 5),
(337, 1, 1, 4, 0, 'หะระตี', 'อารียา', '', '', 1467085255, 1467085255, 5, 5),
(338, 1, 1, 4, 0, 'แวยูโซะ', 'อาอีดะ', '', '', 1467085255, 1467085255, 5, 5),
(339, 1, 1, 3, 0, 'ยูแม', 'อิสมาแอล', '', '', 1467085255, 1467085255, 5, 5),
(340, 1, 1, 3, 0, 'จันทร์ต๊ะ', 'อุดมศิลป์', '', '', 1467085255, 1467085255, 5, 5),
(341, 1, 1, 3, 0, 'สะหะบูดิง', 'อุสมาน', '', '', 1467085255, 1467085255, 5, 5),
(342, 1, 1, 4, 0, 'แวหะยี', 'ฮัสนียะห์', '', '', 1467085255, 1467085255, 5, 5),
(343, 1, 1, 4, 0, 'กาโฮง', 'ฮานาน', '', '', 1467085255, 1467085255, 5, 5),
(344, 1, 1, 3, 0, 'สาและ', 'ฮานี', '', '', 1467085255, 1467085255, 5, 5),
(345, 1, 1, 3, 0, 'บูละแท', 'ฮาฟีซี', '', '', 1467085255, 1467085255, 5, 5),
(346, 1, 1, 4, 0, 'หีมโป๊ะหมอ', 'ฮารุณี', '', '', 1467085255, 1467085255, 5, 5),
(347, 1, 1, 4, 0, 'หะยีปูเตะ', 'ฮำดียะห์', '', '', 1467085255, 1467085255, 5, 5),
(348, 1, 1, 4, 0, 'เจะหะ', 'ฮุสนา', '', '', 1467085255, 1467085255, 5, 5),
(349, 1, 1, 4, 0, 'ม๊ะดาฮู', 'กรรณิการ์', '', '', 1467085255, 1467085255, 5, 5),
(350, 1, 1, 4, 0, 'กุพะมา', 'กูฮัสนี', '', '', 1467085255, 1467085255, 5, 5),
(351, 1, 1, 4, 0, 'ยูนุ๊', 'คอดีเย๊าะ', '', '', 1467085255, 1467085255, 5, 5),
(352, 1, 1, 4, 0, 'สะอะ', 'ซูรีนา', '', '', 1467085255, 1467085255, 5, 5),
(353, 1, 1, 4, 0, 'เจะอาลี', 'ดียานา', '', '', 1467085255, 1467085255, 5, 5),
(354, 1, 1, 4, 0, 'ละแมะสะ', 'นาซรียะห์', '', '', 1467085255, 1467085255, 5, 5),
(355, 1, 1, 4, 0, 'เบ็ญสะอิ', 'นิตยา', '', '', 1467085255, 1467085255, 5, 5),
(356, 1, 1, 4, 0, 'อับดุลรอแม', 'นุรฟาติน', '', '', 1467085255, 1467085255, 5, 5),
(357, 1, 1, 3, 0, 'สาและ', 'มะซอเร', '', '', 1467085255, 1467085255, 5, 5),
(358, 1, 1, 4, 0, 'ลือแมะ', 'มารีนี', '', '', 1467085255, 1467085255, 5, 5),
(359, 1, 1, 3, 0, 'ตาเยะ', 'มูฮัมมัด', '', '', 1467085255, 1467085255, 5, 5),
(360, 1, 1, 4, 0, 'สะอุ', 'ลาตีฟ๊ะ', '', '', 1467085255, 1467085255, 5, 5),
(361, 1, 1, 4, 0, 'แวสะมาแฮ', 'แวอาซีหล๊ะ', '', '', 1467085255, 1467085255, 5, 5),
(362, 1, 1, 4, 0, 'จุลบุตร', 'สุธัญญา', '', '', 1467085255, 1467085255, 5, 5),
(363, 1, 1, 4, 0, 'แวนาแว', 'สุริยานี', '', '', 1467085255, 1467085255, 5, 5),
(364, 1, 1, 4, 0, 'ยาเล', 'สุวรรษา', '', '', 1467085255, 1467085255, 5, 5),
(365, 1, 1, 4, 0, 'ดอเล๊าะ', 'เสาวณี', '', '', 1467085255, 1467085255, 5, 5),
(366, 1, 1, 4, 0, 'มามะ', 'อัยตีซัน', '', '', 1467085255, 1467085255, 5, 5),
(367, 1, 1, 4, 0, 'อับดุล', 'ฮากีมะฮ์', '', '', 1467085255, 1467085255, 5, 5),
(368, 1, 1, 4, 0, 'หวันสนิ', 'ฮาฟีเส๊าะ', '', '', 1467085255, 1467085255, 5, 5),
(369, 1, 1, 3, 0, 'LAN', 'FEI', '', '', 1467085255, 1467085255, 5, 5),
(370, 1, 1, 4, 0, 'YANG', 'LINGLING', '', '', 1467085255, 1467085255, 5, 5),
(371, 1, 1, 4, 0, 'ZHANG', 'YUNXIAO', '', '', 1467085255, 1467085255, 5, 5),
(372, 1, 1, 4, 0, 'คำมี', 'อวยพร', '', '', 1467085255, 1467085255, 5, 5),
(373, 1, 1, 4, 0, 'ร่าหนิ', 'ชลิดา', '', '', 1467085255, 1467085255, 5, 5),
(374, 1, 1, 3, 0, 'ยะโกะ', 'นครา', '', '', 1467085255, 1467085255, 5, 5),
(375, 1, 1, 4, 0, 'บือราเฮม', 'มัสอีดายู', '', '', 1467085255, 1467085255, 5, 5),
(376, 1, 1, 4, 0, 'ช่างหมาน', 'สิยามล', '', '', 1467085255, 1467085255, 5, 5),
(377, 1, 1, 4, 0, 'ปัตตานี', 'สุพัชชา', '', '', 1467085255, 1467085255, 5, 5),
(378, 1, 1, 3, 0, 'ดินแดง', 'อภิวัฒน์', '', '', 1467085255, 1467085255, 5, 5),
(379, 1, 1, 3, 0, 'ตาเละ', 'ฮาซัน', '', '', 1467085255, 1467085255, 5, 5),
(380, 1, 1, 3, 0, 'ลาเตะ', 'กรีนฐิณญาภัทร์', '', '', 1467085255, 1467085255, 5, 5),
(381, 1, 1, 3, 0, 'บินกัดซัน', 'ณัฐพงษ์', '', '', 1467085255, 1467085255, 5, 5),
(382, 1, 1, 4, 0, 'ช่างดี', 'ฟารีดา', '', '', 1467085255, 1467085255, 5, 5),
(383, 1, 1, 3, 0, 'ยูโส๊ะเหม', 'ยุสรี', '', '', 1467085255, 1467085255, 5, 5),
(384, 1, 1, 4, 0, 'หีมมะหมัด', 'สุชาดา', '', '', 1467085255, 1467085255, 5, 5),
(385, 1, 1, 4, 0, 'เบ็นแหละแหนะ', 'หวันสอลีหะฮ์', '', '', 1467085255, 1467085255, 5, 5),
(386, 1, 1, 4, 0, 'หมื่นราษฎร์', 'กนกอร', '', '', 1467085255, 1467085255, 5, 5),
(387, 1, 1, 4, 0, 'เชื้อชัย', 'กฤษติญา', '', '', 1467085255, 1467085255, 5, 5),
(388, 1, 1, 4, 0, 'แท่นทอง', 'กิริธา', '', '', 1467085255, 1467085255, 5, 5),
(389, 1, 1, 3, 0, 'สาวัน', 'โซเฟียน', '', '', 1467085255, 1467085255, 5, 5),
(390, 1, 1, 3, 0, 'ระถะการ', 'ธัญภาค', '', '', 1467085255, 1467085255, 5, 5),
(391, 1, 1, 4, 0, 'สมาน', 'ธิดารัตน์', '', '', 1467085255, 1467085255, 5, 5),
(392, 1, 1, 3, 0, 'เพ็งศรี', 'ธีระพงษ์', '', '', 1467085255, 1467085255, 5, 5),
(393, 1, 1, 4, 0, 'ใบเต้', 'นาดา', '', '', 1467085255, 1467085255, 5, 5),
(394, 1, 1, 3, 0, 'บริสุทธิ์', 'นุศาสตร์', '', '', 1467085255, 1467085255, 5, 5),
(395, 1, 1, 4, 0, 'เซ็ง', 'นูรซาลบียะห์', '', '', 1467085255, 1467085255, 5, 5),
(396, 1, 1, 4, 0, 'ยูแม', 'นูร์ไลลา', '', '', 1467085255, 1467085255, 5, 5),
(397, 1, 1, 4, 0, 'แวมะมิง', 'นูรอีน', '', '', 1467085255, 1467085255, 5, 5),
(398, 1, 1, 4, 0, 'บินมามะ', 'นูรูลอากมา', '', '', 1467085255, 1467085255, 5, 5),
(399, 1, 1, 4, 0, 'อาบูวะ', 'ปาตีเมาะ', '', '', 1467085255, 1467085255, 5, 5),
(400, 1, 1, 4, 0, 'เกษตรกาลาม์', 'พัชรี', '', '', 1467085255, 1467085255, 5, 5),
(401, 1, 1, 4, 0, 'สาราณีย์', 'ฟาเดีย', '', '', 1467085255, 1467085255, 5, 5),
(402, 1, 1, 4, 0, 'ดอเลาะห์', 'ฟิตรานี', '', '', 1467085255, 1467085255, 5, 5),
(403, 1, 1, 4, 0, 'หะแวกาจิ', 'ฟิรฮานา', '', '', 1467085255, 1467085255, 5, 5),
(404, 1, 1, 4, 0, 'แวดาโอะ', 'มาเรีย', '', '', 1467085255, 1467085255, 5, 5),
(405, 1, 1, 3, 0, 'สมานุรัตน์', 'มุคลิศร์', '', '', 1467085255, 1467085255, 5, 5),
(406, 1, 1, 4, 0, 'มะดีเยาะ', 'มุมีนะฮ์', '', '', 1467085255, 1467085255, 5, 5),
(407, 1, 1, 4, 0, 'ดือราแม', 'มูซีเร๊าะ', '', '', 1467085255, 1467085255, 5, 5),
(408, 1, 1, 3, 0, 'เหมแก้ว', 'ภวินท์ภัทร์', '', '', 1467085255, 1467085255, 5, 5),
(409, 1, 1, 3, 0, 'แวซู', 'มูฮำหมัด', '', '', 1467085255, 1467085255, 5, 5),
(410, 1, 1, 3, 0, 'แวและ', 'มูฮำหมัด', '', '', 1467085255, 1467085255, 5, 5),
(411, 1, 1, 3, 0, 'มะหมีน', 'มูฮำหมัดนะห์ดี', '', '', 1467085255, 1467085255, 5, 5),
(412, 1, 1, 4, 0, 'บินมะแซ', 'ยามีล๊ะ', '', '', 1467085255, 1467085255, 5, 5),
(413, 1, 1, 4, 0, 'ล่องแก้วพิทักษ์', 'ยุวดี', '', '', 1467085255, 1467085255, 5, 5),
(414, 1, 1, 4, 0, 'อาบู', 'ยูซรูนา', '', '', 1467085255, 1467085255, 5, 5),
(415, 1, 1, 4, 0, 'ดือราแม', 'รอซีดะห์', '', '', 1467085255, 1467085255, 5, 5),
(416, 1, 1, 3, 0, 'เอียดเต๊ะ', 'รอมดีย์', '', '', 1467085255, 1467085255, 5, 5),
(417, 1, 1, 3, 0, 'สันบู', 'วิทยา', '', '', 1467085255, 1467085255, 5, 5),
(418, 1, 1, 4, 0, 'แก้วสลำ', 'วิลาวัลย์', '', '', 1467085255, 1467085255, 5, 5),
(419, 1, 1, 4, 0, 'เพ็ชรเพ็ง', 'เวณิกา', '', '', 1467085255, 1467085255, 5, 5),
(420, 1, 1, 4, 0, 'นิตา', 'แวคอลีเยาะ', '', '', 1467085255, 1467085255, 5, 5),
(421, 1, 1, 3, 0, 'แวสะแม', 'แวอาลี', '', '', 1467085255, 1467085255, 5, 5),
(422, 1, 1, 4, 0, 'พินิจชัน', 'สุดารัตน์', '', '', 1467085255, 1467085255, 5, 5),
(423, 1, 1, 4, 0, 'คงศรี', 'สุนิสา', '', '', 1467085255, 1467085255, 5, 5),
(424, 1, 1, 4, 0, 'ตาเล็ม', 'ไหมซาเร๊าะ', '', '', 1467085255, 1467085255, 5, 5),
(425, 1, 1, 3, 0, 'แวหะยี', 'อะฟันดี่', '', '', 1467085255, 1467085255, 5, 5),
(426, 1, 1, 4, 0, 'หะยีบือราเฮง', 'อัสนะฮ์', '', '', 1467085255, 1467085255, 5, 5),
(427, 1, 1, 4, 0, 'ช่างขุด', 'อารียา', '', '', 1467085255, 1467085255, 5, 5),
(428, 1, 1, 3, 0, 'หะยีดือราแม', 'อิควัญ', '', '', 1467085255, 1467085255, 5, 5),
(429, 1, 1, 4, 0, 'เงาะ', 'ฮากีม๊ะ', '', '', 1467085255, 1467085255, 5, 5),
(430, 1, 1, 3, 0, 'ดอเลาะ', 'ฮาซัน', '', '', 1467085255, 1467085255, 5, 5),
(431, 1, 1, 4, 0, 'หะยีอารง', 'ฮาบีบะห์', '', '', 1467085255, 1467085255, 5, 5),
(432, 1, 1, 3, 0, 'เพียรเจริญ', 'กฤตบุญ', '', '', 1467085255, 1467085255, 5, 5),
(433, 1, 1, 4, 0, 'มาหะ', 'การีมะห์', '', '', 1467085255, 1467085255, 5, 5),
(434, 1, 1, 3, 0, 'อาแว', 'การียา', '', '', 1467085255, 1467085255, 5, 5),
(435, 1, 1, 4, 0, 'นิบือซา', 'กูดีญานา', '', '', 1467085255, 1467085255, 5, 5),
(436, 1, 1, 4, 0, 'เจะมะ', 'เจะซารีนา', '', '', 1467085255, 1467085255, 5, 5),
(437, 1, 1, 4, 0, 'มะเซ็ง', 'ซอบารียะห์', '', '', 1467085255, 1467085255, 5, 5),
(438, 1, 1, 4, 0, 'ทิพย์พิมล', 'ฮัยดัร', '', '', 1467085255, 1467085255, 5, 5),
(439, 1, 1, 4, 0, 'ตุสาตู', 'ซากีนา', '', '', 1467085255, 1467085255, 5, 5),
(440, 1, 1, 3, 0, 'นุ้ยโดด', 'ซาฟารี', '', '', 1467085255, 1467085255, 5, 5),
(441, 1, 1, 4, 0, 'อาแว', 'ซามีลา', '', '', 1467085255, 1467085255, 5, 5),
(442, 1, 1, 4, 0, 'สาแม', 'ซารีปะห์', '', '', 1467085255, 1467085255, 5, 5),
(443, 1, 1, 4, 0, 'ยาแมมูซอ', 'ซาวาตี', '', '', 1467085255, 1467085255, 5, 5),
(444, 1, 1, 4, 0, 'อาลีโต๊ะมะ', 'ซูไบด๊ะ', '', '', 1467085255, 1467085255, 5, 5),
(445, 1, 1, 4, 0, 'อาแว', 'ซูเรียนา', '', '', 1467085255, 1467085255, 5, 5),
(446, 1, 1, 4, 0, 'มะแซ', 'โซฟียะห์', '', '', 1467085255, 1467085255, 5, 5),
(447, 1, 1, 4, 0, 'โสเพดา', 'ไซนับ', '', '', 1467085255, 1467085255, 5, 5),
(448, 1, 1, 4, 0, 'นิกะจิ', 'ต่วนซุไรนี', '', '', 1467085255, 1467085255, 5, 5),
(449, 1, 1, 4, 0, 'นิแลเม๊าะ', 'ต่วนซูรีนา', '', '', 1467085255, 1467085255, 5, 5),
(450, 1, 1, 4, 0, 'ดือราแม', 'ต่วนตอฮีเร๊าะห์', '', '', 1467085255, 1467085255, 5, 5),
(451, 1, 1, 3, 0, 'ดาตู', 'ต่วนอิสมาแอล', '', '', 1467085255, 1467085255, 5, 5),
(452, 1, 1, 4, 0, 'เพ็งแก้ว', 'ทิพวรรณ', '', '', 1467085255, 1467085255, 5, 5),
(453, 1, 1, 4, 0, 'อีซอ', 'นอร์ซาฟีฮะห์', '', '', 1467085255, 1467085255, 5, 5),
(454, 1, 1, 4, 0, 'ดาอิตำ', 'นัฟฮะห์', '', '', 1467085255, 1467085255, 5, 5),
(455, 1, 1, 4, 0, 'กาแบ', 'นาปีเส๊าะ', '', '', 1467085255, 1467085255, 5, 5),
(456, 1, 1, 4, 0, 'อิแอ', 'นารีซ่า', '', '', 1467085255, 1467085255, 5, 5),
(457, 1, 1, 4, 0, 'อาแว', 'นิซัลวานี', '', '', 1467085255, 1467085255, 5, 5),
(458, 1, 1, 4, 0, 'กูทา', 'นิยาวารี', '', '', 1467085255, 1467085255, 5, 5),
(459, 1, 1, 4, 0, 'บือราเฮง', 'นูรีซัน', '', '', 1467085255, 1467085255, 5, 5),
(460, 1, 1, 4, 0, 'เบญญากาจ', 'นูรีซัน', '', '', 1467085255, 1467085255, 5, 5),
(461, 1, 1, 4, 0, 'อูมาร์', 'นูรีมัน', '', '', 1467085255, 1467085255, 5, 5),
(462, 1, 1, 4, 0, 'มะเด็ง', 'นูรียะห์', '', '', 1467085255, 1467085255, 5, 5),
(463, 1, 1, 4, 0, 'ยูโซะ', 'นูรียะห์', '', '', 1467085255, 1467085255, 5, 5),
(464, 1, 1, 4, 0, 'ตาเย๊ะ', 'นูรีฮัน', '', '', 1467085255, 1467085255, 5, 5),
(465, 1, 1, 4, 0, 'เกปัน', 'นูฮาร์', '', '', 1467085255, 1467085255, 5, 5),
(466, 1, 1, 4, 0, 'สะอะ', 'บัดดารียะห์', '', '', 1467085255, 1467085255, 5, 5),
(467, 1, 1, 4, 0, 'โตะหิ', 'บูรีมาน', '', '', 1467085255, 1467085255, 5, 5),
(468, 1, 1, 4, 0, 'มะดีเยาะ', 'ปาตีเมาะ', '', '', 1467085255, 1467085255, 5, 5),
(469, 1, 1, 4, 0, 'มิงมะ', 'ปูซียะห์', '', '', 1467085255, 1467085255, 5, 5),
(470, 1, 1, 4, 0, 'แซ่ตั้ง', 'พนิดา', '', '', 1467085255, 1467085255, 5, 5),
(471, 1, 1, 4, 0, 'โต๊ะหีม', 'พัชนาวี', '', '', 1467085255, 1467085255, 5, 5),
(472, 1, 1, 4, 0, 'ศรัทธาวงศ์เลิศ', 'พัชรินทร์', '', '', 1467085255, 1467085255, 5, 5);
INSERT INTO `person` (`user_id`, `status`, `position_id`, `title_id`, `phd`, `firstname_th`, `lastname_th`, `firstname_en`, `lastname_en`, `created_at`, `updated_at`, `created_by`, `updated_by`) VALUES
(473, 1, 1, 4, 0, 'อาบูวะ', 'พาอีซะห์', '', '', 1467085255, 1467085255, 5, 5),
(474, 1, 1, 4, 0, 'ทิพยอและ', 'ฟัตเราะห์', '', '', 1467085255, 1467085255, 5, 5),
(475, 1, 1, 4, 0, 'ดราแม', 'ฟารฮานา', '', '', 1467085255, 1467085255, 5, 5),
(476, 1, 1, 3, 0, 'สนิ', 'ฟิตรี', '', '', 1467085255, 1467085255, 5, 5),
(477, 1, 1, 3, 0, 'แวดอเลาะ', 'มะรอมลี', '', '', 1467085255, 1467085255, 5, 5),
(478, 1, 1, 3, 0, 'สารอเอง', 'มะสอและ', '', '', 1467085255, 1467085255, 5, 5),
(479, 1, 1, 4, 0, 'อาแวอีแต', 'มาเดียร์', '', '', 1467085255, 1467085255, 5, 5),
(480, 1, 1, 4, 0, 'เปาะซู', 'มุนตาฮา', '', '', 1467085255, 1467085255, 5, 5),
(481, 1, 1, 3, 0, 'เจ๊ะโด', 'มุสลิม', '', '', 1467085255, 1467085255, 5, 5),
(482, 1, 1, 3, 0, 'แวฮามะ', 'มุสลิม', '', '', 1467085255, 1467085255, 5, 5),
(483, 1, 1, 4, 0, 'เจ๊ะหามะ', 'มูรอฮีณี', '', '', 1467085255, 1467085255, 5, 5),
(484, 1, 1, 4, 0, 'อาแว', 'มูอีนะห์', '', '', 1467085255, 1467085255, 5, 5),
(485, 1, 1, 3, 0, 'แวโดยี', 'มูฮำหมัด', '', '', 1467085255, 1467085255, 5, 5),
(486, 1, 1, 4, 0, 'ยูโซ๊ะ', 'ยาวารี', '', '', 1467085255, 1467085255, 5, 5),
(487, 1, 1, 3, 0, 'มาหามะ', 'ยาฮารี', '', '', 1467085255, 1467085255, 5, 5),
(488, 1, 1, 4, 0, 'วานิ', 'รอฮายา', '', '', 1467085255, 1467085255, 5, 5),
(489, 1, 1, 4, 0, 'มะแซะ', 'รุสนี', '', '', 1467085255, 1467085255, 5, 5),
(490, 1, 1, 4, 0, 'ยะลา', 'โรฟานี', '', '', 1467085255, 1467085255, 5, 5),
(491, 1, 1, 4, 0, 'สามารถ', 'โรสิตา', '', '', 1467085255, 1467085255, 5, 5),
(492, 1, 1, 3, 0, 'สมาแอ', 'สันติภาพ', '', '', 1467085255, 1467085255, 5, 5),
(493, 1, 1, 4, 0, 'ง่วนดา', 'สุธิดา', '', '', 1467085255, 1467085255, 5, 5),
(494, 1, 1, 4, 0, 'หอมหวล', 'สุภนันท์', '', '', 1467085255, 1467085255, 5, 5),
(495, 1, 1, 4, 0, 'นิยมเดชา', 'สุรีมาศ', '', '', 1467085255, 1467085255, 5, 5),
(496, 1, 1, 4, 0, 'หวาเอียด', 'ซัยดาร์', '', '', 1467085255, 1467085255, 5, 5),
(497, 1, 1, 4, 0, 'ยูโซ๊ะ', 'สุไฮลา', '', '', 1467085255, 1467085255, 5, 5),
(498, 1, 1, 4, 0, 'เจ๊ะเล๊าะ', 'อซิญัน', '', '', 1467085255, 1467085255, 5, 5),
(499, 1, 1, 4, 0, 'เบ็ญฮาวัน', 'อมาลีนา', '', '', 1467085255, 1467085255, 5, 5),
(500, 1, 1, 3, 0, 'อุเซ็ง', 'อับดุลมูบีน', '', '', 1467085255, 1467085255, 5, 5),
(501, 1, 1, 3, 0, 'เจะกายอ', 'อับบาส', '', '', 1467085255, 1467085255, 5, 5),
(502, 1, 1, 3, 0, 'มะลี', 'อัลฮัม', '', '', 1467085255, 1467085255, 5, 5),
(503, 1, 1, 3, 0, 'สือรี', 'อากิฟ', '', '', 1467085255, 1467085255, 5, 5),
(504, 1, 1, 3, 0, 'จำเนียร', 'อาณัติ', '', '', 1467085255, 1467085255, 5, 5),
(505, 1, 1, 4, 0, 'แดเนาะ', 'อายูนีย์', '', '', 1467085255, 1467085255, 5, 5),
(506, 1, 1, 4, 0, 'ดือราแม', 'อารีณี', '', '', 1467085255, 1467085255, 5, 5),
(507, 1, 1, 3, 0, 'จันทร์เพ็ญ', 'อิทธิพันธุ์', '', '', 1467085255, 1467085255, 5, 5),
(508, 1, 1, 4, 0, 'เจะยิ', 'อิสตีฟาร์', '', '', 1467085255, 1467085255, 5, 5),
(509, 1, 1, 3, 0, 'ปูเต๊ะ', 'อีรฟาน', '', '', 1467085255, 1467085255, 5, 5),
(510, 1, 1, 3, 0, 'สกุลอภิรักษ์', 'อุสมาน', '', '', 1467085255, 1467085255, 5, 5),
(511, 1, 1, 4, 0, 'กาเจ', 'ฮาซานะ', '', '', 1467085255, 1467085255, 5, 5),
(512, 1, 1, 4, 0, 'สาคอ', 'ฮายาตี', '', '', 1467085255, 1467085255, 5, 5),
(513, 1, 1, 4, 0, 'ดอเล๊าะ', 'ซอลีหะห์', '', '', 1467085255, 1467085255, 5, 5),
(514, 1, 1, 3, 0, 'วาเต๊ะ', 'ซำซุดดีน', '', '', 1467085255, 1467085255, 5, 5),
(515, 1, 1, 4, 0, 'โซะมณฑา', 'ปราถนา', '', '', 1467085255, 1467085255, 5, 5),
(516, 1, 1, 3, 0, 'แอหลุย', 'อิมรอน', '', '', 1467085255, 1467085255, 5, 5),
(517, 1, 1, 3, 0, 'นิเวศบุษบง', 'สุฟิตตรี', '', '', 1467085255, 1467085255, 5, 5),
(518, 1, 1, 4, 0, 'สือรี', 'สูรีนา', '', '', 1467085255, 1467085255, 5, 5),
(519, 1, 1, 3, 0, 'เรืองปราชญ์', 'อาดิ๊ล', '', '', 1467085255, 1467085255, 5, 5),
(520, 1, 1, 3, 0, 'ดาราแม', 'อิมรอน', '', '', 1467085255, 1467085255, 5, 5),
(521, 1, 1, 4, 0, 'สามารถ', 'กมลวรรณ', '', '', 1467085255, 1467085255, 5, 5),
(522, 1, 1, 4, 0, 'บัวชุม', 'จันทร์จิรา', '', '', 1467085255, 1467085255, 5, 5),
(523, 1, 1, 4, 0, 'บัวชุม', 'จิราวรรณ', '', '', 1467085255, 1467085255, 5, 5),
(524, 1, 1, 4, 0, 'แชเล็ง', 'ซารีนา', '', '', 1467085255, 1467085255, 5, 5),
(525, 1, 1, 4, 0, 'แวหะยี', 'โซเฟีย', '', '', 1467085255, 1467085255, 5, 5),
(526, 1, 1, 4, 0, 'ดีสะเอะ', 'นาดียา', '', '', 1467085255, 1467085255, 5, 5),
(527, 1, 1, 3, 0, 'ยูโซะ', 'นิอูซัยฟีร์', '', '', 1467085255, 1467085255, 5, 5),
(528, 1, 1, 3, 0, 'ยีดะหมะ', 'นูรุดฎีน', '', '', 1467085255, 1467085255, 5, 5),
(529, 1, 1, 3, 0, 'ยุคุนธราภิรักษ์', 'สัตยา', '', '', 1467085255, 1467085255, 5, 5),
(530, 1, 1, 4, 0, 'หมดจด', 'สุทธิดา', '', '', 1467085255, 1467085255, 5, 5),
(531, 1, 1, 4, 0, 'ชูโชติ', 'กมลวรรณ', '', '', 1467085255, 1467085255, 5, 5),
(532, 1, 1, 4, 0, 'สะดีน', 'สุไรยา', '', '', 1467085255, 1467085255, 5, 5),
(533, 1, 1, 4, 0, 'เหล็มและ', 'อารียา', '', '', 1467085255, 1467085255, 5, 5),
(534, 1, 1, 4, 0, 'ภูริวัฒน์', 'กรวรรณ', '', '', 1467085255, 1467085255, 5, 5),
(535, 1, 1, 3, 0, 'สัตบุศ', 'เอกชัย', '', '', 1467085255, 1467085255, 5, 5),
(536, 1, 1, 4, 0, 'สะมาแอ', 'กัสมา', '', '', 1467085255, 1467085255, 5, 5),
(537, 1, 1, 4, 0, 'สุวรรณสิน', 'กุมารี', '', '', 1467085255, 1467085255, 5, 5),
(538, 1, 1, 3, 0, 'ปูลา', 'กูบัยลี', '', '', 1467085255, 1467085255, 5, 5),
(539, 1, 1, 4, 0, 'นงรัตน์', 'จงกลนี', '', '', 1467085255, 1467085255, 5, 5),
(540, 1, 1, 4, 0, 'มานิตย์พันธ์', 'จณิสตา', '', '', 1467085255, 1467085255, 5, 5),
(541, 1, 1, 3, 0, 'มากมูล', 'ชัยธวัช', '', '', 1467085255, 1467085255, 5, 5),
(542, 1, 1, 3, 0, 'เกิดขุมทอง', 'ชัยยุทธ', '', '', 1467085255, 1467085255, 5, 5),
(543, 1, 1, 4, 0, 'ปัญสังกา', 'ชาติรัฐกาญจน์', '', '', 1467085255, 1467085255, 5, 5),
(544, 1, 1, 3, 0, 'คุมดวง', 'ชิษนพงศ์', '', '', 1467085255, 1467085255, 5, 5),
(545, 1, 1, 4, 0, 'แอแบ', 'ซอบารียะ', '', '', 1467085255, 1467085255, 5, 5),
(546, 1, 1, 3, 0, 'อาแว', 'ซอร์ฟาน', '', '', 1467085255, 1467085255, 5, 5),
(547, 1, 1, 4, 0, 'แอดะสง', 'ซูรีฮา', '', '', 1467085255, 1467085255, 5, 5),
(548, 1, 1, 4, 0, 'สะอียา', 'โซเฟีย', '', '', 1467085255, 1467085255, 5, 5),
(549, 1, 1, 3, 0, 'เชาว์วิริยะพงศ์', 'ณพล', '', '', 1467085255, 1467085255, 5, 5),
(550, 1, 1, 4, 0, 'กาเจ', 'ณัฏฐกันย์', '', '', 1467085255, 1467085255, 5, 5),
(551, 1, 1, 4, 0, 'แซ่ตั้ง', 'ณัฐมา', '', '', 1467085255, 1467085255, 5, 5),
(552, 1, 1, 4, 0, 'รัตนอุบล', 'ณัฐวดี', '', '', 1467085255, 1467085255, 5, 5),
(553, 1, 1, 3, 0, 'โสวัฒน์', 'ณัฐิพงศ์', '', '', 1467085255, 1467085255, 5, 5),
(554, 1, 1, 4, 0, 'ไพรแก้ว', 'ณิชนันทน์', '', '', 1467085255, 1467085255, 5, 5),
(555, 1, 1, 4, 0, 'บริรักษ์', 'ธนัสถา', '', '', 1467085255, 1467085255, 5, 5),
(556, 1, 1, 4, 0, 'รุ้งสวัสดิ์', 'นภัสกร', '', '', 1467085255, 1467085255, 5, 5),
(557, 1, 1, 3, 0, 'ดอเลาะ', 'นัสรีย์', '', '', 1467085255, 1467085255, 5, 5),
(558, 1, 1, 4, 0, 'ปูเตะ', 'นิรุสมีย์', '', '', 1467085255, 1467085255, 5, 5),
(559, 1, 1, 3, 0, 'เอามิง', 'นูรดีน', '', '', 1467085255, 1467085255, 5, 5),
(560, 1, 1, 4, 0, 'เจ๊ะเล๊าะ', 'นูรฮายาตี', '', '', 1467085255, 1467085255, 5, 5),
(561, 1, 1, 3, 0, 'อีซอ', 'บูคอรี', '', '', 1467085255, 1467085255, 5, 5),
(562, 1, 1, 4, 0, 'แวอุมาร์', 'เบญจมาศ', '', '', 1467085255, 1467085255, 5, 5),
(563, 1, 1, 3, 0, 'หนูคง', 'ปฏิวัติ', '', '', 1467085255, 1467085255, 5, 5),
(564, 1, 1, 4, 0, 'ศิริบุญหลง', 'พิมพ์ชนก', '', '', 1467085255, 1467085255, 5, 5),
(565, 1, 1, 4, 0, 'สะแลแม', 'ฟาร่านาซ', '', '', 1467085255, 1467085255, 5, 5),
(566, 1, 1, 4, 0, 'บีโล๊ะ', 'ฟารีดา', '', '', 1467085255, 1467085255, 5, 5),
(567, 1, 1, 4, 0, 'อาแว', 'ฟิรดาว', '', '', 1467085255, 1467085255, 5, 5),
(568, 1, 1, 4, 0, 'มุเส็มสะเดา', 'มัสลิน', '', '', 1467085255, 1467085255, 5, 5),
(569, 1, 1, 4, 0, 'มะตาหยง', 'มาฟูเซาะห์', '', '', 1467085255, 1467085255, 5, 5),
(570, 1, 1, 4, 0, 'บินดอเล๊าะ', 'มายือนิง', '', '', 1467085255, 1467085255, 5, 5),
(571, 1, 1, 4, 0, 'กาโบะ', 'มุรนีย์', '', '', 1467085255, 1467085255, 5, 5),
(572, 1, 1, 3, 0, 'อาแด', 'มูฮำหมัดรุสลี', '', '', 1467085255, 1467085255, 5, 5),
(573, 1, 1, 4, 0, 'นาแซ', 'รอดียะห์', '', '', 1467085255, 1467085255, 5, 5),
(574, 1, 1, 4, 0, 'แซะอาหลำ', 'รัตนา', '', '', 1467085255, 1467085255, 5, 5),
(575, 1, 1, 3, 0, 'มูลา', 'รุสตั้มคาร', '', '', 1467085255, 1467085255, 5, 5),
(576, 1, 1, 4, 0, 'ชูคดี', 'เรณุกา', '', '', 1467085255, 1467085255, 5, 5),
(577, 1, 1, 4, 0, 'พาที', 'โรซาลินดา', '', '', 1467085255, 1467085255, 5, 5),
(578, 1, 1, 4, 0, 'หะยีดราโอะ', 'แวฟาตีฮะ', '', '', 1467085255, 1467085255, 5, 5),
(579, 1, 1, 4, 0, 'ปาเสเล๊าะ', 'แวอาอีเสาะ', '', '', 1467085255, 1467085255, 5, 5),
(580, 1, 1, 4, 0, 'หลีวัง', 'ศันวาณี', '', '', 1467085255, 1467085255, 5, 5),
(581, 1, 1, 4, 0, 'สมจิต', 'ศุภาสิณี', '', '', 1467085255, 1467085255, 5, 5),
(582, 1, 1, 3, 0, 'จันทร์ดีสาร', 'สัมฤทธิ์', '', '', 1467085255, 1467085255, 5, 5),
(583, 1, 1, 4, 0, 'ขันแก้ว', 'สาริศา', '', '', 1467085255, 1467085255, 5, 5),
(584, 1, 1, 4, 0, 'ดีแม', 'สาลีฮะ', '', '', 1467085255, 1467085255, 5, 5),
(585, 1, 1, 4, 0, 'ภิรมย์', 'สุฐิภรณ์', '', '', 1467085255, 1467085255, 5, 5),
(586, 1, 1, 4, 0, 'ห้าฝา', 'สุดารัตน์', '', '', 1467085255, 1467085255, 5, 5),
(587, 1, 1, 4, 0, 'อาสาภูธร', 'สุทธิดา', '', '', 1467085255, 1467085255, 5, 5),
(588, 1, 1, 3, 0, 'เสมอภพ', 'สุทธิพงศ์', '', '', 1467085255, 1467085255, 5, 5),
(589, 1, 1, 4, 0, 'ดารามัน', 'สุรัญญา', '', '', 1467085255, 1467085255, 5, 5),
(590, 1, 1, 4, 0, 'แก้วอ่อน', 'เสาวลักษณ์', '', '', 1467085255, 1467085255, 5, 5),
(591, 1, 1, 4, 0, 'มือแย', 'แสนิง', '', '', 1467085255, 1467085255, 5, 5),
(592, 1, 1, 4, 0, 'ดาวงษ์', 'โสภิดา', '', '', 1467085255, 1467085255, 5, 5),
(593, 1, 1, 4, 0, 'หลงขาว', 'หยาดนภา', '', '', 1467085255, 1467085255, 5, 5),
(594, 1, 1, 4, 0, 'นินวน', 'อนิตา', '', '', 1467085255, 1467085255, 5, 5),
(595, 1, 1, 3, 0, 'อับดุลบุตร', 'อนิรุทธิ์', '', '', 1467085255, 1467085255, 5, 5),
(596, 1, 1, 3, 0, 'นิลนาม', 'อภิศักดิ์', '', '', 1467085255, 1467085255, 5, 5),
(597, 1, 1, 3, 0, 'ปัตนกุล', 'อับดุลกะริม', '', '', 1467085255, 1467085255, 5, 5),
(598, 1, 1, 3, 0, 'ฮีเรหูวา', 'อับดุลเลาะ', '', '', 1467085255, 1467085255, 5, 5),
(599, 1, 1, 3, 0, 'หมัดหมัน', 'อับดุลอาซิส', '', '', 1467085255, 1467085255, 5, 5),
(600, 1, 1, 4, 0, 'สาและ', 'อัสมาวาตี', '', '', 1467085255, 1467085255, 5, 5),
(601, 1, 1, 4, 0, 'สะอิ', 'อารวา', '', '', 1467085255, 1467085255, 5, 5),
(602, 1, 1, 3, 0, 'หะยียะปาร์', 'อารีฟีน', '', '', 1467085255, 1467085255, 5, 5),
(603, 1, 1, 3, 0, 'มะดอรอแม', 'อิฟฟาน', '', '', 1467085255, 1467085255, 5, 5),
(604, 1, 1, 3, 0, 'มีดามี', 'อิมรอน', '', '', 1467085255, 1467085255, 5, 5),
(605, 1, 1, 3, 0, 'อาแว', 'อีลยาส', '', '', 1467085255, 1467085255, 5, 5),
(606, 1, 1, 4, 0, 'มูสิกธรรม', 'อุไรวรรณ', '', '', 1467085255, 1467085255, 5, 5),
(607, 1, 1, 4, 0, 'มะลี', 'ฮามีดะห์', '', '', 1467085255, 1467085255, 5, 5),
(608, 1, 1, 4, 0, 'เกษรมาศ', 'กชกร', '', '', 1467085255, 1467085255, 5, 5),
(609, 1, 1, 4, 0, 'สาอิ', 'กูสุไรนีย์', '', '', 1467085255, 1467085255, 5, 5),
(610, 1, 1, 4, 0, 'กิ่งเล็ก', 'จิตติมาพร', '', '', 1467085255, 1467085255, 5, 5),
(611, 1, 1, 4, 0, 'อับดุลอาหมัด', 'จุฑาทิพย์', '', '', 1467085255, 1467085255, 5, 5),
(612, 1, 1, 4, 0, 'หะยีสะนิด', 'เจ๊ะมูนีเราะห์', '', '', 1467085255, 1467085255, 5, 5),
(613, 1, 1, 4, 0, 'โตะลู', 'ซัยนับ', '', '', 1467085255, 1467085255, 5, 5),
(614, 1, 1, 4, 0, 'ฮัมดาหลี', 'ซาฟีนา', '', '', 1467085255, 1467085255, 5, 5),
(615, 1, 1, 4, 0, 'ดอแม', 'ซูไรดา', '', '', 1467085255, 1467085255, 5, 5),
(616, 1, 1, 4, 0, 'แวนะไล', 'ดารีดะห์', '', '', 1467085255, 1467085255, 5, 5),
(617, 1, 1, 4, 0, 'กาโฮง', 'ต่วนรอฮายา', '', '', 1467085255, 1467085255, 5, 5),
(618, 1, 1, 4, 0, 'สิงห์สอน', 'ธัญญาเรศ', '', '', 1467085255, 1467085255, 5, 5),
(619, 1, 1, 4, 0, 'หลังจิ', 'นดา', '', '', 1467085255, 1467085255, 5, 5),
(620, 1, 1, 4, 0, 'โตะโยะ', 'นาฟีเสาะ', '', '', 1467085255, 1467085255, 5, 5),
(621, 1, 1, 3, 0, 'สาและ', 'นาวาวี', '', '', 1467085255, 1467085255, 5, 5),
(622, 1, 1, 3, 0, 'อาสาบาโง', 'นาวาวี', '', '', 1467085255, 1467085255, 5, 5),
(623, 1, 1, 4, 0, 'ปราณีต', 'นิติพร', '', '', 1467085255, 1467085255, 5, 5),
(624, 1, 1, 4, 0, 'หะยีเจะแว', 'นินูรีซัน', '', '', 1467085255, 1467085255, 5, 5),
(625, 1, 1, 3, 0, 'สูหรง', 'นิอลีฟ', '', '', 1467085255, 1467085255, 5, 5),
(626, 1, 1, 4, 0, 'เอื้องาน', 'นุสบา', '', '', 1467085255, 1467085255, 5, 5),
(627, 1, 1, 4, 0, 'อาแวสือแม', 'นูรไอณีย์', '', '', 1467085255, 1467085255, 5, 5),
(628, 1, 1, 4, 0, 'โตะเยง', 'นูรีซัน', '', '', 1467085255, 1467085255, 5, 5),
(629, 1, 1, 4, 0, 'โสะหมัด', 'ปภาวดี', '', '', 1467085255, 1467085255, 5, 5),
(630, 1, 1, 4, 0, 'กีแย', 'ปัทมาฮ์', '', '', 1467085255, 1467085255, 5, 5),
(631, 1, 1, 4, 0, 'วิเชียรบุตร', 'ปาลิตา', '', '', 1467085255, 1467085255, 5, 5),
(632, 1, 1, 4, 0, 'มณีดำ', 'พันไมล์', '', '', 1467085255, 1467085255, 5, 5),
(633, 1, 1, 3, 0, 'บือโต', 'ฟรุกอล', '', '', 1467085255, 1467085255, 5, 5),
(634, 1, 1, 4, 0, 'สาและ', 'ฟิรดาว', '', '', 1467085255, 1467085255, 5, 5),
(635, 1, 1, 4, 0, 'แมะ', 'ฟีรเดาส์', '', '', 1467085255, 1467085255, 5, 5),
(636, 1, 1, 4, 0, 'สาและ', 'ฟีรเดาซ์', '', '', 1467085255, 1467085255, 5, 5),
(637, 1, 1, 3, 0, 'สาและ', 'เฟาซี', '', '', 1467085255, 1467085255, 5, 5),
(638, 1, 1, 3, 0, 'มูซอ', 'ไฟซอล', '', '', 1467085255, 1467085255, 5, 5),
(639, 1, 1, 3, 0, 'มะสะแต', 'มะจัสมี', '', '', 1467085255, 1467085255, 5, 5),
(640, 1, 1, 4, 0, 'มันอะ', 'มัสยานี', '', '', 1467085255, 1467085255, 5, 5),
(641, 1, 1, 4, 0, 'หมัดอาดัม', 'มัสลิน', '', '', 1467085255, 1467085255, 5, 5),
(642, 1, 1, 4, 0, 'มูซอ', 'มาซีเต๊าะ', '', '', 1467085255, 1467085255, 5, 5),
(643, 1, 1, 4, 0, 'มะเจ๊ะหะ', 'มานาล', '', '', 1467085255, 1467085255, 5, 5),
(644, 1, 1, 3, 0, 'อาลอาดัม', 'มุมิน', '', '', 1467085255, 1467085255, 5, 5),
(645, 1, 1, 3, 0, 'หะยีเหาะ', 'มูฮำมัดรอซี', '', '', 1467085255, 1467085255, 5, 5),
(646, 1, 1, 4, 0, 'คาเร็ง', 'ยัสนานี', '', '', 1467085255, 1467085255, 5, 5),
(647, 1, 1, 4, 0, 'กาหลง', 'ยัสมิน', '', '', 1467085255, 1467085255, 5, 5),
(648, 1, 1, 4, 0, 'ฮะนิง', 'ยูวารี', '', '', 1467085255, 1467085255, 5, 5),
(649, 1, 1, 4, 0, 'เจะเต๊ะ', 'รอกีเยาะ', '', '', 1467085255, 1467085255, 5, 5),
(650, 1, 1, 3, 0, 'จารง', 'ริฎวาน', '', '', 1467085255, 1467085255, 5, 5),
(651, 1, 1, 4, 0, 'สังยาหยา', 'วรรณา', '', '', 1467085255, 1467085255, 5, 5),
(652, 1, 1, 4, 0, 'แตมามุ', 'วานีตา', '', '', 1467085255, 1467085255, 5, 5),
(653, 1, 1, 3, 0, 'มูซอ', 'แวยูซรี', '', '', 1467085255, 1467085255, 5, 5),
(654, 1, 1, 4, 0, 'อาแว', 'แวรุสนะห์', '', '', 1467085255, 1467085255, 5, 5),
(655, 1, 1, 4, 0, 'แสงสุรีย์กุลกิจ', 'สมฤดี', '', '', 1467085255, 1467085255, 5, 5),
(656, 1, 1, 4, 0, 'หะยีอุมา', 'สุทธิดา', '', '', 1467085255, 1467085255, 5, 5),
(657, 1, 1, 4, 0, 'ประดู่', 'สุนันนี', '', '', 1467085255, 1467085255, 5, 5),
(658, 1, 1, 4, 0, 'เจะโซะ', 'สุนิดา', '', '', 1467085255, 1467085255, 5, 5),
(659, 1, 1, 4, 0, 'ดอเลาะ', 'สุเรวดี', '', '', 1467085255, 1467085255, 5, 5),
(660, 1, 1, 4, 0, 'วาเลาะ', 'สุไรดา', '', '', 1467085255, 1467085255, 5, 5),
(661, 1, 1, 4, 0, 'เจะโซ๊ะ', 'สุไรนา', '', '', 1467085255, 1467085255, 5, 5),
(662, 1, 1, 4, 0, 'ชุมรักษา', 'สุลัยฮา', '', '', 1467085255, 1467085255, 5, 5),
(663, 1, 1, 4, 0, 'ดาแม', 'สุไวบะห์', '', '', 1467085255, 1467085255, 5, 5),
(664, 1, 1, 4, 0, 'บุญแก้ว', 'เสาวนิตย์', '', '', 1467085255, 1467085255, 5, 5),
(665, 1, 1, 3, 0, 'นาดามัน', 'อดินันท์', '', '', 1467085255, 1467085255, 5, 5),
(666, 1, 1, 3, 0, 'ยาลาแน', 'อนัส', '', '', 1467085255, 1467085255, 5, 5),
(667, 1, 1, 4, 0, 'สาเร๊าะ', 'อภัสรา', '', '', 1467085255, 1467085255, 5, 5),
(668, 1, 1, 3, 0, 'กูเต๊ะ', 'อะห์ซัน', '', '', 1467085255, 1467085255, 5, 5),
(669, 1, 1, 3, 0, 'มะยิ', 'อัสมี', '', '', 1467085255, 1467085255, 5, 5),
(670, 1, 1, 4, 0, 'ปอสู', 'อาซียะห์', '', '', 1467085255, 1467085255, 5, 5),
(671, 1, 1, 4, 0, 'ดอเลาะ', 'อามีนะห์', '', '', 1467085255, 1467085255, 5, 5),
(672, 1, 1, 4, 0, 'รายอตาเละ', 'อามีรา', '', '', 1467085255, 1467085255, 5, 5),
(673, 1, 1, 4, 0, 'เงาะ', 'อารียา', '', '', 1467085255, 1467085255, 5, 5),
(674, 1, 1, 4, 0, 'สุหลง', 'อารียา', '', '', 1467085255, 1467085255, 5, 5),
(675, 1, 1, 3, 0, 'พิกุลจร', 'อาลิฟ', '', '', 1467085255, 1467085255, 5, 5),
(676, 1, 1, 4, 0, 'สะอิ', 'อิลญาณี', '', '', 1467085255, 1467085255, 5, 5),
(677, 1, 1, 3, 0, 'สาแม', 'อิลฮัม', '', '', 1467085255, 1467085255, 5, 5),
(678, 1, 1, 4, 0, 'วาเลาะ', 'อิสมารีนี', '', '', 1467085255, 1467085255, 5, 5),
(679, 1, 1, 4, 0, 'หะยีมะสาและ', 'อีมานี', '', '', 1467085255, 1467085255, 5, 5),
(680, 1, 1, 4, 0, 'กาเจ', 'ฮานาน', '', '', 1467085255, 1467085255, 5, 5),
(681, 1, 1, 4, 0, 'มะเซ่ง', 'ฮานีฟ๊ะ', '', '', 1467085255, 1467085255, 5, 5),
(682, 1, 1, 4, 0, 'ปาแน', 'ฮามีดะห์', '', '', 1467085255, 1467085255, 5, 5),
(683, 1, 1, 4, 0, 'เบ็ญจสมัย', 'ฮุสนา', '', '', 1467085255, 1467085255, 5, 5),
(684, 1, 6, 3, 0, 'ศราวุธ', 'จาวิสูตร', 'Sarawoot', 'Jawisoot', 1467085255, 1467085255, 5, 5),
(685, 1, 2, 4, 0, 'สุชาวดี', 'ประสพเนตร', 'Suchawadee', 'Prasopnet', 1467085255, 1467085255, 5, 5),
(686, 1, 1, 3, 0, 'ศุภชัย', 'จันทร์แก้ว', '', '', 1467085255, 1467085255, 5, 5),
(687, 1, 1, 3, 0, 'นิสรัญ', 'ยะ', '', '', 1467085255, 1467085255, 5, 5),
(688, 1, 1, 3, 0, 'สมชาย', 'แก้วส่องแสง', '', '', 1467085255, 1467085255, 5, 5),
(689, 1, 1, 3, 0, 'สิทธิศักดิ์', 'มีทอง', '', '', 1467085255, 1467085255, 5, 5),
(877, 1, 1, 4, 0, 'เกวภร', 'สังขมาศ', 'Kewabhorn', 'Sangkhamart', 1467085255, 1467085255, 5, 5),
(878, 1, 1, 3, 1, 'ซัมรี', 'เจ๊ะอารน', 'Zamree', 'Che-aron', 1467085255, 1467085255, 5, 5);

-- --------------------------------------------------------

--
-- โครงสร้างตาราง `person_position`
--

CREATE TABLE IF NOT EXISTS `person_position` (
  `id` int(11) NOT NULL AUTO_INCREMENT COMMENT 'ID',
  `name_th` varchar(50) NOT NULL COMMENT 'Name TH',
  `name_en` varchar(50) NOT NULL COMMENT 'Name EN',
  PRIMARY KEY (`id`)
) ENGINE=InnoDB  DEFAULT CHARSET=utf8 AUTO_INCREMENT=10 ;

--
-- dump ตาราง `person_position`
--

INSERT INTO `person_position` (`id`, `name_th`, `name_en`) VALUES
(1, 'อาจารย์', ''),
(2, 'นักวิชาการอุดมศึกษา', 'Higher Academic'),
(3, 'นักวิชาการคอมพิวเตอร์', 'Computer Technical'),
(4, 'นักวิชาการเงินและบัญชี', 'Finance and Accounting'),
(5, 'พนักงานเทคนิค', 'Technical'),
(6, 'พนักงานบริหารทั่วไป', 'Administrative staff'),
(7, 'เจ้าหน้าที่งานประชาสัมพันธ์', 'Public Relations Officer'),
(8, 'เจ้าหน้าที่อาคารสถานที่', 'Building officials'),
(9, 'ช่างเครื่องคอมพิวเตอร์', 'Computer Mechanic');

-- --------------------------------------------------------

--
-- โครงสร้างตาราง `person_staff`
--

CREATE TABLE IF NOT EXISTS `person_staff` (
  `user_id` int(11) NOT NULL COMMENT 'User Id',
  `educations` text NOT NULL COMMENT 'Educations',
  `respons` text NOT NULL COMMENT 'Responsibility',
  `tel` varchar(20) NOT NULL COMMENT 'Tel',
  UNIQUE KEY `user_id` (`user_id`)
) ENGINE=InnoDB DEFAULT CHARSET=utf8;

--
-- dump ตาราง `person_staff`
--

INSERT INTO `person_staff` (`user_id`, `educations`, `respons`, `tel`) VALUES
(1, '["บธ.บ. บริหารธุรกิจบัณฑิต จากมหาวิทยาลัยรามคำแหง"]', '["การเงินและบัญชี","นโยบายและแผน"]', '2612'),
(2, '["ศศ.บ.(การจัดการทั่วไป),มหาวิทยาลัยราชภัฏยะลา"]', '["ประกันคุณภาพการศึกษา","พัฒนาหลักสูตร"]', '2615'),
(3, '["บธ.บ.(บริหารธุรกิจ),มหาวิทยาลัยราชภัฏยะลา"]', '["งานพัสดุ  (วัสดุ)","ทำนุบำรุงศิลปวัฒนธรรมและกิจการพิเศษ","ควบคุมภายใน"]', '2613'),
(4, '["สส.บ. (นิเทศศาสตร์), มหาวิทยาลัยวลัยลักษณ์"]', '["งานพัฒนานักศึกษา (กิจกรรม/โครงการ)","ดูแลสโมสรนักศึกษา กลุ่มกิจกรรมของคณะฯ","การบริการให้คำปรึกษานักศึกษา"]', '2617'),
(5, '["วท.บ. (วิทยาการคอมพิวเตอร์) สถาบันราชภัฏสุราษฎร์ธานี"]', '["ดูแลเว็บไซต์คณะฯ","พัฒนาระบบสารสนเทศ","ดูแลระบบเครือข่าย","ดูแลเครื่องคอมพิวเตอร์บุคลากร"]', '2574'),
(6, '["ปริญญาตรี การจัดการทั่วไป สถาบันราชภัฏยะลา","ประกาศนียบัตรวิชาชีพชั้นสูง บัญชี โรงเรียนบริหาร ธุรกิจปัตตานี"]', '["การบริหารบุคคล","การพัฒนาและฝึกอบรม","การส่งเสริม/พัฒนาอาจารย์และบุคลากร","หัวหน้าพัสดุ"]', '2611'),
(7, '["ศศ.บ.(รัฐศาสตร์) คณะมนุษยศาสตร์และสังคมศาสตร์ มหาวิทยาลัยสงขลนครินทร์"]', '["การรับนักศึกษา","การโอนย้ายสาขาวิชา","การสำเร็จการศึกษา","สวัสดิการนักศึกษา (วินัย/ทุน)"]', '2616'),
(8, '["ศศ.บ.(พัฒนาสังคม) คณะมนุษยศาสตร์และสังคมศาสตร์ มหาวิทยาลัยสงขลานครินทร์"]', '["การเรียนการสอน","บริการวิชาการ","เลขานุการคณบดี"]', '2610'),
(9, '["ปวส. อิเล็กทรอนิกส์ทั่วไป วิทยาลัยเทคนิคปัตตานี","ศษ.บ.(เทคโนโลยีและสื่อสารการศึกษา) มหาวิทยาลัยสุโขทัยธรรมาธิราช"]', '["กำกับดูแลห้องปฏิบัติการชั้น 4","งานซ่อมและบำรุงรักษาทั่วไป"]', '2619'),
(10, '["ศศ.บ.(นิเทศศาสตร์) คณะวิทยาการสื่อสาร มหาวิทยาลัยสงขลานครินทร์"]', '["งานห้องปฏิบัติการวิทยุกระจายเสียง","การออกแบบและผลิตสื่อประชาสัมพันธ์"]', '2685'),
(11, '["ศศ.บ.(นิเทศศาสตร์) คณะวิทยาการสื่อสาร มหาวิทยาลัยสงขลานครินทร์"]', '["งานวิจัยและตำรา","งานบริการวิชาการ"]', '2614'),
(12, '["ศศ.บ. (เกียรตินิยมอันดับ 2) (นิเทศศาสตร์) คณะวิทยาการสื่อสาร มหาวิทยาลัยสงขลานครินทร์"]', '["งานสื่อสารองค์กรและศิษย์เก่าสัมพันธ์ ","งานวิเทศสัมพันธ์","งานองค์กรสร้างสุข"]', '2502'),
(13, '["ศศ.บ.นิเทศศาสตร์(วิทยุกระจายเสียงและวิทยุโทรทัศน์)มหาวิทยาลัยราชภัฏจันทรเกษม"]', '["งานห้องปฏิบัติการโทรทัศน์"]', '2503'),
(14, '["ศศ.บ.(สารสนเทศศาสตร์) มหาวิทยาลัยสุโขทัยธรรมาธิราช","ปวส. ช่างอิเล็กทรอนิกส์  วิทยาลัยเทคนิคปัตตานี"]', '["งานอาคารสถานที่และยานพาหนะ","งานอนุรักษ์พลังงาน"]', '2582'),
(15, '["ศศ.บ พัฒนาชุมชน มรภ.สงขลา","ปวส. คอมพิวเตอร์ธุรกิจ สถาบันอาชีวะศึกษา สงขลา"]', '["งานยืม-คืน อุปกรณ์ปฏิบัติการ","งานสารบรรณ"]', '2567'),
(16, '["วท.บ.(เทคโนโลยีสารสนเทศและการสื่อสารเพื่อการจัดการ) คณะวิทยาการสื่อสาร มหาวิทยาลัยสงขลานครินทร์"]', '["การพัฒนาหลักสูตร","งานประเมินคุณภาพการจัดการศึกษาและกิจกรรม","กิจกรรมในรายวิชา","ประกันคุณภาพการศึกษา"]', '2621'),
(17, '["ศศ.บ.(นิเทศศาสตร์) คณะวิทยาการสื่อสารมหาวิทยาลัยสงขลานครินทร์"]', '["งานสหกิจศึกษา","งานฝึกประสบการณ์วิชาชีพ","งาน 5 ส."]', '2518'),
(18, '["บธ.บ.(บริหารธุรกิจ), มหาวิทยาลัยราชภัฎยะลา"]', '["งานพัสดุ (ครุภัณฑ์)","ขอตำแหน่งทางวิชาการ/ตำแหน่งชำนาญการ"]', '2622'),
(19, '["วศ.บ. (วิศกรรมคอมพิวเตอร์) มหาวิทยาลัยสงขลานครินทร์ วิทยาเขตหาดใหญ่"]', '["พัฒนาระบบ","ฐานข้อมูล","พัฒนาโปรแกรม"]', '2618'),
(20, '["ปวส. วิทยาลัยการอาชีพปัตตานี"]', '["งานซ่อมบำรุงโครงสร้างพื้นฐาน","งานบริการอาคารสถานที่"]', '2582'),
(21, '["ปวส.ช่างอิเล็กทรอนิกส์ วิทยาลัยเทคนิคปัตตานี"]', '["งานโสตทัศนูปรกรณ์","งานยืม-คืน โสตทัศนูปกรณ์","ห้องเรียนบรรยาย","ห้องปฏิบัติการ","ห้องประชุมชูเกิยรติ ปิติเจริญกิจ"]', '2554'),
(684, '["ศิลปศาสตรบัณทิต(ภาษาอังกฤษ)คณะมนุษยศาสตร์และสังคมศาสตร์ มหาวิทยาลัยสงขลานครินทร์ วิทยาเขต ปัตตานี"]', '["ห้องปฏิบัติการสถานีวิทยุComm-Sci Radio","สนับสนุนการจัดการเรียนการสอน"]', '2554'),
(685, '["ปริญญาตรี สาขาวิชาภาษาอังกฤษ มหาวิทยาลัยสงขลานครินทร์"]', '["งานนโยบายและแผน","งานควบคุมภายในและการบริหารความเสี่ยง","งานประกันคุณภาพ"]', '2622');

-- --------------------------------------------------------

--
-- โครงสร้างตาราง `person_teacher`
--

CREATE TABLE IF NOT EXISTS `person_teacher` (
  `user_id` int(11) NOT NULL COMMENT 'User Id',
  `branch_id` int(11) NOT NULL COMMENT 'Branch',
  `educations` text NOT NULL COMMENT 'Educations',
  `experts` text NOT NULL COMMENT 'Experts',
  `tel` varchar(20) NOT NULL COMMENT 'Tel',
  UNIQUE KEY `user_id` (`user_id`)
) ENGINE=InnoDB DEFAULT CHARSET=utf8;

--
-- dump ตาราง `person_teacher`
--

INSERT INTO `person_teacher` (`user_id`, `branch_id`, `educations`, `experts`, `tel`) VALUES
(22, 1, '["ปริญญาโท นิเทศศาสตรมหาบัณฑิต (นิเทศศาสตรพัฒนาการ) จุฬาลงกรณ์มหาวิทยาลัย จุฬาลงกรณ์มหาวิทยาลัย","ปริญญาตรี นิเทศศาสตรบัณฑิต (การประชาสัมพันธ์) จุฬาลงกรณ์มหาวิทยาลัย"]', '["การโฆษณาและการประชาสัมพันธ์, วิทยุ-โทรทัศน์","การสื่อสารเพื่อการพัฒนา การสื่อสาร","การตลาดเชิงบูรณาการ และสื่อมวลชนศึกษา"]', '2662'),
(23, 1, '["ปริญญาตรี วารสารศาสตรบัณฑิต (หนังสือพิมพ์และสิ่งพิมพ์) มหาวิทยาลัยธรรมศาสตร์","ปริญญาโท นิเทศศาสตรมหาบัณฑิต (การหนังสือพิมพ์) จุฬาลงกรณ์มหาวิทยาลัย","Ph.D. (Peace Journalism), University of Queensland, Australia"]', '["หนังสือพิมพ์และสิ่งพิมพ์","สื่อมวลชนศึกษาและความรู้เท่าทันสื่อ","การสื่อสารเพื่อการพัฒนา","Peace and Conflict Resolution Journalism"]', '2600'),
(24, 1, '["Ph.D. (Media and Representation), Université Panthéon-Assas Paris II, France"," M.Res. (Media and Representation), Université Lumière Lyon II, France","ปริญญาโท นิเทศศาสตรมหาบัณฑิต (นิเทศศาสตรพัฒนาการ) จุฬาลงกรณ์มหาวิทยาลัย","ปริญญาตรี อักษรศาสตรบัณฑิต (ภาษาฝรั่งเศส) จุฬาลงกรณ์มหาวิทยาลัย"]', '["สื่อมวลชนกับการสร้างความเป็นตัวแทน","การวิเคราะห์วาทกรรมในสื่อมวลชน","สังคมวิทยาสื่อสารมวลชน"]', '2659'),
(25, 1, '["BA in French, Srinakharinwirot University, Pathumwan Campus, Thailand","MA in Mass Communication, University of South Florida, USA","PhD in Mass Communication, University of Leicester, UK"]', '["Health Communication and Promotion","Science Communication","Audience Analysis","Media Effec"]', '2632'),
(26, 1, '["ปริญญาตรี นิเทศศาสตรบัณฑิต (การสื่อสารมวลชน) จุฬาลงกรณ์มหาวิทยาลัย","ปริญญาโท M.A. (Communication), Universiti Sains Malaysia, Penang, Malaysia"]', '["Minority and the Media","News Coverage on Minority in Conflict Situation","การผลิตรายการวิทยุกระจายเสียง","การผลิตรายการวิทยุโทรทัศน์"]', '2636'),
(27, 1, '["ปริญญาตรี มนุษยศาสตร์และสังคมศาสตร์(ภาษาและวรรณคดีไทย) มหาวิทยาลัยสงขลานครินทร์","ปริญญาโท นิเทศศาสตรมหาบัณฑิต (นิเทศศาสตรพัฒนาการ) จุฬาลงกรณ์มหาวิทยาลัย"]', '["การวิจัยเชิงคุณภาพด้านการสื่อสาร","การสื่อสารเพื่อการพัฒนา"]', '-'),
(28, 1, '["ปริญญาตรี ศิลปศาสตรบัณฑิต (สังคมวิทยาและมานุษยวิทยา) ม.สงขลานครินทร์","ปริญญาโท นิเทศศาสตรมหาบัณฑิต มหาวิทยาลัยสุโขทัยธรรมาธิราช"]', '["สื่อทางเลือก","การสื่อสารเพื่อการพัฒนา","การสื่อสารในภาวะวิกฤต","การรู้เท่าทันสื่อ"]', '2660'),
(29, 1, '["ปริญญาโท นิเทศศาสตรมหาบัณฑิต (การสื่อสารมวลชน) จุฬาลงกรณ์มหาวิทยาลัย","ปริญาตรี ครุศาสตร์อุตสาหกรรมบัณฑิต (ครุศาสตร์เทคโนโลยี) มหาวิทยาลัยเทคโนโลยีพระจอมเกล้าธนบุรี","ประกาศนียบัตรวิชาชีพนิเทศศาสตร์ (หนังสือพิมพ์) มหาวิทยาลัยสุโขทัยธรรมาธิราช"]', '["สำนักเศรษฐศาสตร์การเมือง-สื่อสารมวลชนวิพากษ์ (Critical Theory)","สำนักวัฒนธรรมศึกษา (Cultural Studies )","สื่อใหม่ (New Media) กับการเปลี่ยนแปลงทางสังคม"]', '2655'),
(30, 1, '["ปริญญาโท นิเทศศาสตรมหาบัณฑิต (นิเทศศาสตร์สื่อสารการตลาด) มหาวิทยาลัยธุรกิจบัณฑิตย์","ปริญญาตรี ศิลปศาสตรบัณฑิต (นิเทศศาสตร์) มหาวิทยาลัยสงขลานครินทร์ วิทยาเขตปัตตานี"]', '["การรู้เท่าทันสื่อ","การสื่อสารการตลาด","การบริหารภาพลักษณ์"]', '-'),
(31, 1, '["ศิลปศาสตรมหาบัณฑิต (ภาษาและวัฒนธรรมเพื่อการสื่อสารและการพัฒนา) มหาวิทยาลัยมหิดล","ปริญญาตรี ศิลปศาสตรบัณฑิต (ศึกษาศาสตร์) สาขาวิชาภาษาอังกฤษ มหาวิทยาลัยสงขลานครินทร์"]', '["การผลิตรายการวิทยุกระจายเสียง","การสื่อสารเพื่อการพัฒนา","การวิจัยด้านการสื่อสาร (เชิงคุณภาพ-เชิงปริมาณ)"]', '2639'),
(32, 1, '["Master of Arts (Conflict Analysis and Management)Royal Roads University, CANADA","ปริญญาโท ศิลปศาสตรมหาบัณฑิต (ภาษาและวัฒนธรรมเพื่อการสื่อสารและการพัฒนา) ม.มหิดล","ปริญญาตรี ศิลปศาสตรบัณฑิต (ภาษาศาสตร์,เกียรตินิยมอันดับ 1) ม.ธรรมศาสตร์"]', '["การสื่อสารเพื่อคลี่คลายความขัดแย้ง","การสื่อสารเพื่อการพัฒนา","ภาษาศาสตร์"]', '2645'),
(33, 1, '["ปริญญาโท วารสารศาสตรมหาบัณฑิต (สื่อสารมวลชน) มหาวิทยาลัยธรรมศาสตร์","ปริญญาตรี ศิลปศาสตรบัณฑิต (นิเทศศาสตร์) มหาวิทยาลัยสงขลานครินทร์ วิทยาเขตปัตตานี"]', '["หนังสือพิมพ์และสื่อสิ่งพิมพ์","วิทยุกระจายเสียงและวิทยุโทรทัศน์","การสื่อสารเพื่อการพัฒนาชุมชน","นโยบายและแผนการสื่อสาร"]', '2663'),
(34, 1, '["ปริญญาโท MIB. (International Business), University of Canberra, Australia","ปริญญาโท ศึกษาศาสตรมหาบัณฑิต (เทคโนโลยีและสื่อสารการศึกษา) มหาวิทยาลัยสงขลานครินทร์","ปริญญาตรี บริหารธุรกิจบัณฑิต (ธุรกิจระหว่างประเทศ) มหาวิทยาลัยหอการค้าไทย"]', '["International Business","Management","Marketing","Integrated Marketing Communication"]', '2634'),
(35, 1, '["ปริญญาเอก DBA (Doctor of Business Administration), Universiti Sains Malaysia","ปริญญาโท Economics International Islamic University Malaysia(IIUM)","ปริญญาตรี วิทยาศาสตร์(เศรษฐศาสตร์เกษตร) มหาวิทยาลัยสงขลานครินทร์"]', '["Financial Economics","International Management","Marketing","Banking"]', '2638'),
(36, 1, '["ปริญญาตรี ศิลปศาสตร์บัณฑิต (การสื่อสารการตลาดเพื่อการพัฒนา,เกียรตินิยมอันดับ 1 )มหาวิทยาลัยสงขลานครินทร์ วิทยาเขตปัตตานี"]', '["การสื่อสารการตลาดเชิงบูรณาการ ( Integrated Marketing Communication )","พฤติกรรมผู้บริโภค (Consumer Behaviors )","การตลาดเพื่อสังคม ( Social Marketing )","กลยุทธ์การสื่อสารการตลาดสมัยใหม่ ( Modern marketing communication strategy )"]', '2634'),
(37, 1, '["PhD in Communication & Journalism , Ranade Institute, University of Pune, India","MA in Communication Studies, University of Pune, India","ปริญญาตรี ศิลปกรรมศาสตร์ สาขาการออกแบบผลิตภัณฑ์ มหาวิทยาลัยรังสิต"]', '["Media and Ownership","Media Ethic","Media Innovation","Digital Media"]', '2664'),
(38, 2, '["ลาศึกษาต่อระดับปริญญาเอก","ปริญญาโท วิทยาศาสตรมหาบัณฑิต (วิทยาการคอมพิวเตอร์) มหาวิทยาลัยสงขลานครินทร์","ปริญญาตรี วิทยาศาสตรบัณฑิต (คณิตศาสตร์ประยุกต์) มหาวิทยาลัยสงขลานครินทร์"]', '["คอมพิวเตอร์กราฟิกส์","Computer Modeling and Animation","ระบบปฏิบัติการ","เครือข่ายคอมพิวเตอร์","ฐานข้อมูล","การโปรแกรมคอมพิวเตอร์"]', '2635'),
(39, 2, '["ปริญญาเอก Ph.D. (Computer Science), University of Birmingham, UK","ปริญญาโท MSc (Information Technology), University of Birmingham, UK","ปริญญาตรี วทบ(คณิตศาสตร์ประยุกต์) มหาวิทยาลัยสงขลานครินทร์"]', '["Artificial Intelligence in Education","Educational Technology","Student Modeling","Support for Collaboration","Cognitive Style","Learning Strategies","HCI and User interface design","Multimedia and hypermedia system","Web development","Object-oriented programming"]', '2637'),
(40, 2, '["Ph.D. (Information Technology), University of Utara Malaysia, Malaysia","ปริญญาโท MSc Computing, University of Central England, United Kingdom","ปริญญาตรี วิศวกรรมศาสตร์(วิศวกรรมเหมืองแร่และโลหะวิทยา) มหาวิทยาลัยสงขลานครินทร์"]', '["Management Information System","Human Computer Interaction","IntelligentTotoring System","Multimedia Technology","Database Processing"]', '2647'),
(41, 2, '["ปริญญาโท วิทยาศาสตรมหาบัณฑิต (วิทยาการคอมพิวเตอร์) มหาวิทยาลัยสงขลานครินทร์)","ปริญญาตรี วิทยาศาสตรบัณฑิต (คณิตศาสตร์) มหาวิทยาลัยสงขลานครินทร์"]', '["การโปรแกรมคอมพิวเตอร์","เครือข่ายคอมพิวเตอร์","ระบบปฏิบัติการ"]', '2509'),
(42, 2, '["Ph.D. (Research Methodology) มหาวิทยาลัยสงขลานครินทร์","ปริญญาโท Master of Information Technology, Macquarie University,Australia","ปริญญาตรี วิทยาศาสตรบัณฑิต (คณิตศาสตร์ประยุกต์) มหาวิทยาลัยสงขลานครินทร์"]', '["Networking","Distributed System","Object Oriented Programming","Database"]', '2643'),
(43, 2, '["ปริญญาโท วิศวกรรมศาสตร์มหาบัณฑิต (วิศวกรรมคอมพิวเตอร์) มหาวิทยาลัยสงขลานครินทร์","ปริญญาตรี วิทยาศาสตร์บัณฑิต(วิทยาการคอมพิวเตอร์) มหาวิทยาลัยสงขลานครินทร์"]', '["Parallel & Distributed Computing","Computer Programming","Database"]', '2630'),
(44, 2, '["ปริญญาโท Economics มหาวิทยาลัย Aligarh Muslim University (India)","ปริญญาตรี เศรษฐศาสตร์บัณฑิต (เศรษฐศาสตร์อุตสาหกรรม) มหาวิทยาลัยรามคำแหง"]', '["Econometrics","Economics Development","Political Economics"]', '2648'),
(45, 3, '["ปริญญาโท ศป.ม.  นวัตกรรมการออกแบบ. ม.ศรีนคริทรวิโรฒ","ปริญญาตรี ศึกษาศาสตรบัณฑิต ศูนย์กลางสถาบันเทคโนโลยีราชมงคล"]', '["Computer Graphics","Computer Modeling","Animation"]', '-'),
(46, 3, '["ปริญญาโท ศึกษาศาสตรมหาบัณฑิต (เทคโนโลยีและสื่อสารการศึกษา) มหาวิทยาลัยสงขลานครินทร์","ปริญญาตรี วิทยาศาสตรบัณฑิต(วิทยาการคอมพิวเตอร์) สถาบันราชภัฏสงขลา"]', '["การกำกับภาพยนต์","Sound Engineering","Computer Animation","Computer Graphics","Visual Effect","ออกแบบผลิตภัณฑ์"]', '2564'),
(47, 3, '["ปริญญาโท ศึกษาศาสตรมหาบัณฑิต สาขาเทคโนโลยีและสื่อสารการศึกษา มหาวิทยาลัยสงขลานครินทร์","ปริญญาตรี วิทยาศาสตรบัณฑิต สาขาวิทยาศาสตร์สิ่งแวดล้อม มหาวิทยาลัยศิลปากร"]', '["การเขียนบท-กำกับภาพยนตร์","2D Animation","Multimedia Production"]', '2656'),
(48, 3, '["MASTER OF INSTRUCTIONAL MULTIMEDIA Universiti Sains Malaysia","ปริญญาตรี ศึกษาศาสตรบัณฑิต (เทคโนโลยีการศึกษา) มหาวิทยาลัยสงขลานครินทร์"]', '[]', '-'),
(49, 3, '["ปริญญาตรี ศิลปบัณฑิต ( ออกแบบนิเทศศิลป์ ) มหาวิทยาลัยรังสิต"]', '["Photography and Lomography","Illustrat","Packag Design","Computer Graphics","Motion Graphics "]', '2649'),
(50, 3, '["ปริญญาโท ศิลปมหาบัณฑิต (จิตรกรรม) มหาวิทยาลัยศิลปากร วิทยาเขตวังท่าพระ","ปริญญาตรี ศิลปบัณฑิต (จิตรกรรม) มหาวิทยาลัยศิลปากร วิทยาเขตวังท่าพระ"]', '["Darwing","Painting","Cartoon","Motion Graphics"]', '2652'),
(51, 3, '["ปริญญาโท ศิลปมหาบัณฑิต (Computer Art) มหาวิทยาลัยรังสิต","ปริญญาตรี วิทยาศาสตร์บัณฑิต (นวัตกรรมการออกแบบสื่อและการผลิต) มหาวิทยาลัยสงขลานครินทร์ วิทยาเขตปัตตานี"]', '["Computer Graphics","Computer Modeling","Animation"]', '2649'),
(52, 3, '["ปริญญาตรี ศิลปกรรมศาสตรบัณฑิต สาขานิเทศศิลป์ (เกียรตินิยมอันดับ 2) สถาบันเทคโนโลยีพระจอมเกล้าเจ้าคุณทหารลาดกระบัง"]', '[]', '2564'),
(877, 3, '["Bachelor of Fine Arts Program in Computer Art Rangsit University","Master of Fine Arts Silpakorn University"]', '["Visual communication design","Computer Graphics & Illustration","Animation","Foundation of arts & design"]', '2656'),
(878, 2, '["ปริญญาเอก - Ph.D. (Computer and Information Engineering), International Islamic University Malaysia (IIUM), Malaysia","ปริญญาโท - M.Sc. (Computer and Information Engineering), International Islamic University Malaysia (IIUM), Malaysia","ปริญญาตรี - วศ.บ. (วิศวกรรมคอมพิวเตอร์) (เกียรตินิยมอันดับ 1), มหาวิทยาลัยสงขลานครินทร์"]', '["Computer Networking","Data Communications","Wireless Systems","Computer Programming","Mobile Applications","Human-Computer Interaction","Database"]', '2639');

-- --------------------------------------------------------

--
-- โครงสร้างตาราง `person_title`
--

CREATE TABLE IF NOT EXISTS `person_title` (
  `id` int(11) NOT NULL AUTO_INCREMENT COMMENT 'ID',
  `name_th` varchar(100) NOT NULL COMMENT 'Name TH',
  `acronym_th` varchar(50) NOT NULL COMMENT 'Acronym TH',
  `name_en` varchar(100) NOT NULL COMMENT 'Name EN',
  `acronym_en` varchar(50) NOT NULL COMMENT 'Acronym EN',
  `sort` int(11) NOT NULL COMMENT 'Sort',
  PRIMARY KEY (`id`)
) ENGINE=InnoDB  DEFAULT CHARSET=utf8 AUTO_INCREMENT=18 ;

--
-- dump ตาราง `person_title`
--

INSERT INTO `person_title` (`id`, `name_th`, `acronym_th`, `name_en`, `acronym_en`, `sort`) VALUES
(1, 'เด็กชาย', 'ด.ช.', 'Mister', 'Mstr.', 1),
(2, 'เด็กหญิง', 'ด.ญ.', 'Miss', 'Miss', 2),
(3, 'นาย', 'นาย', 'Mister', 'Mr.', 3),
(4, 'นางสาว', 'น.ส.', 'Miss', 'Ms.', 4),
(5, 'นาง', 'นาง', 'Missis', 'Mrs.', 5),
(6, 'ศาสตราจารย์เกียรติคุณ (กิตติคุณ)', 'ศาสตราจารย์เกียรติคุณ (กิตติคุณ)', 'Emeritus Professor', 'Emeritus Professor.', 6),
(7, 'ศาสตราจารย์', 'ศ.', 'Professor', 'Professor', 7),
(8, 'ผู้ช่วยศาสตราจารย์', 'ผศ.', 'Assistant Professor', 'Asst.Prof.', 8),
(9, 'รองศาสตราจารย์', 'รศ.', 'Associate Professor', 'Associate Professor.', 9),
(10, 'หม่อมหลวง', 'ม.ล. ', 'Mom Luang', 'M L', 10),
(11, 'หม่อมราชวงค์', 'ม.ร.ว.', 'Mom Rajawongse', 'M R', 11),
(12, 'พระภิกษุสงฆ์', 'พระภิกษุสงฆ์', 'BUDDHIST MONK', 'BUDDHIST MONK', 12),
(13, 'พระรัตน์', 'พระรัตน์', 'PHRARAT', 'PHRARAT', 13),
(14, 'พระครู', 'พระครู', 'PHRAKRU', 'PHRAKRU', 14),
(15, 'พระมหา', 'พระมหา', 'PHRAMAHA', 'PHRAMAHA', 15),
(16, 'พระ', 'พระ', 'PHRA', 'PHRA', 16),
(17, 'บาทหลวง', 'บาทหลวง', 'REV', 'REV', 17);

/*!40101 SET CHARACTER_SET_CLIENT=@OLD_CHARACTER_SET_CLIENT */;
/*!40101 SET CHARACTER_SET_RESULTS=@OLD_CHARACTER_SET_RESULTS */;
/*!40101 SET COLLATION_CONNECTION=@OLD_COLLATION_CONNECTION */;
